Kor MEASUREMENT DATA FILE EXPORT,,,,,,,,,,,,,,,,,,,
,,,,,,,,,,,,,,,,,,,
FILE CREATED:,3/27/2026 5:23:55 PM,,,,,,,,,,,,,,,,,,
,,,,,,,,,,,,,,,,,,,
MEAN VALUE:,,,,-0.28,760.5,-0.12,56981.3,55171.2,35861,36.52,54979.3,2.718,2.701,3.959,104,6.78,NA,-140.4,26.718
STANDARD DEVIATION:,,,,0,0,0,0,0,0,0,0,0,0,0,0,0,0,0,0
,,,,,,,,,,,,,,,,,,,
SENSOR SERIAL NUMBER:,,,,23F100933,23H102909,23F100933,23H100986,23H100986,23H100986,23H100986,23H100986,23E104117,23E104117,23E104117,23F100256,23F100256,23G102090,23G102090,23H100986
TIME (h:mm:ss tt),DATE (M/d/yyyy),SITE NAME,FAULT CODE,TAL PE RFU,BAROMETER MMHG,CHLOROPHYLL RFU,COND µS/CM,SPCOND µS/CM,TDS MG/L,SAL PSU,NLF COND µS/CM,DEPTH M,VERTICAL POSITION M,PRESSURE PSI A,ODO % SAT,ODO MG/L,PH,PH MV,TEMP °C
4:31:12 PM,03/12/2026,CN3,0,-0.28,760.5,-0.12,56981.3,55171.2,35861,36.52,54979.3,2.718,2.701,3.959,104,6.78,8.13,-140.4,26.718
,,,,,,,,,,,,,,,,,,,
MEAN VALUE:,,,,0.04,760.4,-0.11,56977.4,55165.8,35858,36.52,54973.7,1.263,1.391,1.84,104.1,6.79,NA,-141.3,26.72
STANDARD DEVIATION:,,,,0,0,0,0,0,0,0,0,0,0,0,0,0,0,0,0
,,,,,,,,,,,,,,,,,,,
SENSOR SERIAL NUMBER:,,,,23F100933,23H102909,23F100933,23H100986,23H100986,23H100986,23H100986,23H100986,23E104117,23E104117,23E104117,23F100256,23F100256,23G102090,23G102090,23H100986
TIME (h:mm:ss tt),DATE (M/d/yyyy),SITE NAME,FAULT CODE,TAL PE RFU,BAROMETER MMHG,CHLOROPHYLL RFU,COND µS/CM,SPCOND µS/CM,TDS MG/L,SAL PSU,NLF COND µS/CM,DEPTH M,VERTICAL POSITION M,PRESSURE PSI A,ODO % SAT,ODO MG/L,PH,PH MV,TEMP °C
4:31:01 PM,03/12/2026,CN1,0,0.04,760.4,-0.11,56977.4,55165.8,35858,36.52,54973.7,1.263,1.391,1.84,104.1,6.79,8.15,-141.3,26.72
,,,,,,,,,,,,,,,,,,,
MEAN VALUE:,,,,-0.33,760.3,-0.12,57160.5,55205.2,35883,36.55,54997.5,2.947,2.945,4.292,102.4,6.66,NA,-169.4,26.854
STANDARD DEVIATION:,,,,0,0,0,0,0,0,0,0,0,0,0,0,0,0,0,0
,,,,,,,,,,,,,,,,,,,
SENSOR SERIAL NUMBER:,,,,23F100933,23H102909,23F100933,23H100986,23H100986,23H100986,23H100986,23H100986,23E104117,23E104117,23E104117,23F100256,23F100256,23G102090,23G102090,23H100986
TIME (h:mm:ss tt),DATE (M/d/yyyy),SITE NAME,FAULT CODE,TAL PE RFU,BAROMETER MMHG,CHLOROPHYLL RFU,COND µS/CM,SPCOND µS/CM,TDS MG/L,SAL PSU,NLF COND µS/CM,DEPTH M,VERTICAL POSITION M,PRESSURE PSI A,ODO % SAT,ODO MG/L,PH,PH MV,TEMP °C
4:20:58 PM,03/12/2026,CRS3,0,-0.33,760.3,-0.12,57160.5,55205.2,35883,36.55,54997.5,2.947,2.945,4.292,102.4,6.66,8.63,-169.4,26.854
,,,,,,,,,,,,,,,,,,,
MEAN VALUE:,,,,-0.27,760.5,-0.11,57149.5,55203.9,35883,36.55,54997.2,0.678,0.897,0.988,101.8,6.62,NA,-172.4,26.845
STANDARD DEVIATION:,,,,0,0,0,0,0,0,0,0,0,0,0,0,0,0,0,0
,,,,,,,,,,,,,,,,,,,
SENSOR SERIAL NUMBER:,,,,23F100933,23H102909,23F100933,23H100986,23H100986,23H100986,23H100986,23H100986,23E104117,23E104117,23E104117,23F100256,23F100256,23G102090,23G102090,23H100986
TIME (h:mm:ss tt),DATE (M/d/yyyy),SITE NAME,FAULT CODE,TAL PE RFU,BAROMETER MMHG,CHLOROPHYLL RFU,COND µS/CM,SPCOND µS/CM,TDS MG/L,SAL PSU,NLF COND µS/CM,DEPTH M,VERTICAL POSITION M,PRESSURE PSI A,ODO % SAT,ODO MG/L,PH,PH MV,TEMP °C
4:20:40 PM,03/12/2026,CRS1,0,-0.27,760.5,-0.11,57149.5,55203.9,35883,36.55,54997.2,0.678,0.897,0.988,101.8,6.62,8.68,-172.4,26.845
,,,,,,,,,,,,,,,,,,,
MEAN VALUE:,,,,-0.33,762.2,-0.15,56705.5,54973.4,35733,36.38,54790,2.324,2.239,3.384,113.2,7.4,NA,-132.6,26.649
STANDARD DEVIATION:,,,,0,0,0,0,0,0,0,0,0,0,0,0,0,0,0,0
,,,,,,,,,,,,,,,,,,,
SENSOR SERIAL NUMBER:,,,,23F100933,23H102909,23F100933,23H100986,23H100986,23H100986,23H100986,23H100986,23E104117,23E104117,23E104117,23F100256,23F100256,23G102090,23G102090,23H100986
TIME (h:mm:ss tt),DATE (M/d/yyyy),SITE NAME,FAULT CODE,TAL PE RFU,BAROMETER MMHG,CHLOROPHYLL RFU,COND µS/CM,SPCOND µS/CM,TDS MG/L,SAL PSU,NLF COND µS/CM,DEPTH M,VERTICAL POSITION M,PRESSURE PSI A,ODO % SAT,ODO MG/L,PH,PH MV,TEMP °C
1:58:26 PM,03/10/2026,LDB3,0,-0.33,762.2,-0.15,56705.5,54973.4,35733,36.38,54790,2.324,2.239,3.384,113.2,7.4,8,-132.6,26.649
,,,,,,,,,,,,,,,,,,,
MEAN VALUE:,,,,-0.28,762.1,-0.11,56750.2,54977.8,35736,36.38,54790,0.409,0.922,0.595,112.9,7.38,NA,-132.8,26.688
STANDARD DEVIATION:,,,,0,0,0,0,0,0,0,0,0,0,0,0,0,0,0,0
,,,,,,,,,,,,,,,,,,,
SENSOR SERIAL NUMBER:,,,,23F100933,23H102909,23F100933,23H100986,23H100986,23H100986,23H100986,23H100986,23E104117,23E104117,23E104117,23F100256,23F100256,23G102090,23G102090,23H100986
TIME (h:mm:ss tt),DATE (M/d/yyyy),SITE NAME,FAULT CODE,TAL PE RFU,BAROMETER MMHG,CHLOROPHYLL RFU,COND µS/CM,SPCOND µS/CM,TDS MG/L,SAL PSU,NLF COND µS/CM,DEPTH M,VERTICAL POSITION M,PRESSURE PSI A,ODO % SAT,ODO MG/L,PH,PH MV,TEMP °C
1:58:12 PM,03/10/2026,LDB1,0,-0.28,762.1,-0.11,56750.2,54977.8,35736,36.38,54790,0.409,0.922,0.595,112.9,7.38,8,-132.8,26.688
,,,,,,,,,,,,,,,,,,,
MEAN VALUE:,,,,-0.28,762.3,-0.17,56674.1,54954.4,35720,36.36,54772.2,1.767,1.755,2.573,107.7,7.04,NA,-132.4,26.638
STANDARD DEVIATION:,,,,0,0,0,0,0,0,0,0,0,0,0,0,0,0,0,0
,,,,,,,,,,,,,,,,,,,
SENSOR SERIAL NUMBER:,,,,23F100933,23H102909,23F100933,23H100986,23H100986,23H100986,23H100986,23H100986,23E104117,23E104117,23E104117,23F100256,23F100256,23G102090,23G102090,23H100986
TIME (h:mm:ss tt),DATE (M/d/yyyy),SITE NAME,FAULT CODE,TAL PE RFU,BAROMETER MMHG,CHLOROPHYLL RFU,COND µS/CM,SPCOND µS/CM,TDS MG/L,SAL PSU,NLF COND µS/CM,DEPTH M,VERTICAL POSITION M,PRESSURE PSI A,ODO % SAT,ODO MG/L,PH,PH MV,TEMP °C
1:55:00 PM,03/10/2026,BDB3,0,-0.28,762.3,-0.17,56674.1,54954.4,35720,36.36,54772.2,1.767,1.755,2.573,107.7,7.04,7.99,-132.4,26.638
,,,,,,,,,,,,,,,,,,,
MEAN VALUE:,,,,0.68,762.2,0.84,56630.7,54939.1,35710,36.35,54760,0.915,0.936,1.333,106,6.93,NA,-134.2,26.612
STANDARD DEVIATION:,,,,0,0,0,0,0,0,0,0,0,0,0,0,0,0,0,0
,,,,,,,,,,,,,,,,,,,
SENSOR SERIAL NUMBER:,,,,23F100933,23H102909,23F100933,23H100986,23H100986,23H100986,23H100986,23H100986,23E104117,23E104117,23E104117,23F100256,23F100256,23G102090,23G102090,23H100986
TIME (h:mm:ss tt),DATE (M/d/yyyy),SITE NAME,FAULT CODE,TAL PE RFU,BAROMETER MMHG,CHLOROPHYLL RFU,COND µS/CM,SPCOND µS/CM,TDS MG/L,SAL PSU,NLF COND µS/CM,DEPTH M,VERTICAL POSITION M,PRESSURE PSI A,ODO % SAT,ODO MG/L,PH,PH MV,TEMP °C
1:54:39 PM,03/10/2026,BDB1,0,0.68,762.2,0.84,56630.7,54939.1,35710,36.35,54760,0.915,0.936,1.333,106,6.93,8.03,-134.2,26.612
,,,,,,,,,,,,,,,,,,,
MEAN VALUE:,,,,-0.38,762.2,-0.14,56303.1,54925.4,35702,36.35,54780.3,1.883,1.823,2.742,100.7,6.62,NA,-131.9,26.313
STANDARD DEVIATION:,,,,0,0,0,0,0,0,0,0,0,0,0,0,0,0,0,0
,,,,,,,,,,,,,,,,,,,
SENSOR SERIAL NUMBER:,,,,23F100933,23H102909,23F100933,23H100986,23H100986,23H100986,23H100986,23H100986,23E104117,23E104117,23E104117,23F100256,23F100256,23G102090,23G102090,23H100986
TIME (h:mm:ss tt),DATE (M/d/yyyy),SITE NAME,FAULT CODE,TAL PE RFU,BAROMETER MMHG,CHLOROPHYLL RFU,COND µS/CM,SPCOND µS/CM,TDS MG/L,SAL PSU,NLF COND µS/CM,DEPTH M,VERTICAL POSITION M,PRESSURE PSI A,ODO % SAT,ODO MG/L,PH,PH MV,TEMP °C
1:52:27 PM,03/10/2026,YIN3,0,-0.38,762.2,-0.14,56303.1,54925.4,35702,36.35,54780.3,1.883,1.823,2.742,100.7,6.62,7.99,-131.9,26.313
,,,,,,,,,,,,,,,,,,,
MEAN VALUE:,,,,-0.13,762.2,-0.15,56297.9,54925.5,35702,36.35,54780.9,0.805,0.745,1.173,102,6.7,NA,-132.8,26.308
STANDARD DEVIATION:,,,,0,0,0,0,0,0,0,0,0,0,0,0,0,0,0,0
,,,,,,,,,,,,,,,,,,,
SENSOR SERIAL NUMBER:,,,,23F100933,23H102909,23F100933,23H100986,23H100986,23H100986,23H100986,23H100986,23E104117,23E104117,23E104117,23F100256,23F100256,23G102090,23G102090,23H100986
TIME (h:mm:ss tt),DATE (M/d/yyyy),SITE NAME,FAULT CODE,TAL PE RFU,BAROMETER MMHG,CHLOROPHYLL RFU,COND µS/CM,SPCOND µS/CM,TDS MG/L,SAL PSU,NLF COND µS/CM,DEPTH M,VERTICAL POSITION M,PRESSURE PSI A,ODO % SAT,ODO MG/L,PH,PH MV,TEMP °C
1:52:13 PM,03/10/2026,YIN1,0,-0.13,762.2,-0.15,56297.9,54925.5,35702,36.35,54780.9,0.805,0.745,1.173,102,6.7,8,-132.8,26.308
,,,,,,,,,,,,,,,,,,,
MEAN VALUE:,,,,-0.41,762.3,-0.14,56742.3,54963.1,35726,36.37,54774.5,2.499,2.45,3.64,115,7.51,NA,-131.5,26.695
STANDARD DEVIATION:,,,,0,0,0,0,0,0,0,0,0,0,0,0,0,0,0,0
,,,,,,,,,,,,,,,,,,,
SENSOR SERIAL NUMBER:,,,,23F100933,23H102909,23F100933,23H100986,23H100986,23H100986,23H100986,23H100986,23E104117,23E104117,23E104117,23F100256,23F100256,23G102090,23G102090,23H100986
TIME (h:mm:ss tt),DATE (M/d/yyyy),SITE NAME,FAULT CODE,TAL PE RFU,BAROMETER MMHG,CHLOROPHYLL RFU,COND µS/CM,SPCOND µS/CM,TDS MG/L,SAL PSU,NLF COND µS/CM,DEPTH M,VERTICAL POSITION M,PRESSURE PSI A,ODO % SAT,ODO MG/L,PH,PH MV,TEMP °C
1:47:18 PM,03/10/2026,FHB3,0,-0.41,762.3,-0.14,56742.3,54963.1,35726,36.37,54774.5,2.499,2.45,3.64,115,7.51,7.98,-131.5,26.695
,,,,,,,,,,,,,,,,,,,
MEAN VALUE:,,,,-0.14,762.3,-0.09,56732,54957.6,35722,36.37,54769.5,0.914,0.927,1.331,112.8,7.37,NA,-131.6,26.69
STANDARD DEVIATION:,,,,0,0,0,0,0,0,0,0,0,0,0,0,0,0,0,0
,,,,,,,,,,,,,,,,,,,
SENSOR SERIAL NUMBER:,,,,23F100933,23H102909,23F100933,23H100986,23H100986,23H100986,23H100986,23H100986,23E104117,23E104117,23E104117,23F100256,23F100256,23G102090,23G102090,23H100986
TIME (h:mm:ss tt),DATE (M/d/yyyy),SITE NAME,FAULT CODE,TAL PE RFU,BAROMETER MMHG,CHLOROPHYLL RFU,COND µS/CM,SPCOND µS/CM,TDS MG/L,SAL PSU,NLF COND µS/CM,DEPTH M,VERTICAL POSITION M,PRESSURE PSI A,ODO % SAT,ODO MG/L,PH,PH MV,TEMP °C
1:47:05 PM,03/10/2026,FHB1,0,-0.14,762.3,-0.09,56732,54957.6,35722,36.37,54769.5,0.914,0.927,1.331,112.8,7.37,7.98,-131.6,26.69
,,,,,,,,,,,,,,,,,,,
MEAN VALUE:,,,,1.9,762.3,-0.11,56528.9,54910.5,35692,36.33,54739.4,0.739,0.763,1.076,108.1,7.08,NA,-134.1,26.543
STANDARD DEVIATION:,,,,0,0,0,0,0,0,0,0,0,0,0,0,0,0,0,0
,,,,,,,,,,,,,,,,,,,
SENSOR SERIAL NUMBER:,,,,23F100933,23H102909,23F100933,23H100986,23H100986,23H100986,23H100986,23H100986,23E104117,23E104117,23E104117,23F100256,23F100256,23G102090,23G102090,23H100986
TIME (h:mm:ss tt),DATE (M/d/yyyy),SITE NAME,FAULT CODE,TAL PE RFU,BAROMETER MMHG,CHLOROPHYLL RFU,COND µS/CM,SPCOND µS/CM,TDS MG/L,SAL PSU,NLF COND µS/CM,DEPTH M,VERTICAL POSITION M,PRESSURE PSI A,ODO % SAT,ODO MG/L,PH,PH MV,TEMP °C
1:41:37 PM,03/10/2026,DB1,0,1.9,762.3,-0.11,56528.9,54910.5,35692,36.33,54739.4,0.739,0.763,1.076,108.1,7.08,8.02,-134.1,26.543
,,,,,,,,,,,,,,,,,,,
MEAN VALUE:,,,,1.18,762.3,-0.12,56442.5,54941.5,35712,36.36,54783.1,0.939,0.96,1.367,108.3,7.1,NA,-134.4,26.43
STANDARD DEVIATION:,,,,0,0,0,0,0,0,0,0,0,0,0,0,0,0,0,0
,,,,,,,,,,,,,,,,,,,
SENSOR SERIAL NUMBER:,,,,23F100933,23H102909,23F100933,23H100986,23H100986,23H100986,23H100986,23H100986,23E104117,23E104117,23E104117,23F100256,23F100256,23G102090,23G102090,23H100986
TIME (h:mm:ss tt),DATE (M/d/yyyy),SITE NAME,FAULT CODE,TAL PE RFU,BAROMETER MMHG,CHLOROPHYLL RFU,COND µS/CM,SPCOND µS/CM,TDS MG/L,SAL PSU,NLF COND µS/CM,DEPTH M,VERTICAL POSITION M,PRESSURE PSI A,ODO % SAT,ODO MG/L,PH,PH MV,TEMP °C
1:37:40 PM,03/10/2026,MRCH1,0,1.18,762.3,-0.12,56442.5,54941.5,35712,36.36,54783.1,0.939,0.96,1.367,108.3,7.1,8.03,-134.4,26.43
,,,,,,,,,,,,,,,,,,,
MEAN VALUE:,,,,-0.39,762.6,-0.11,56397.5,54964.8,35727,36.38,54813.7,2.168,2.253,3.158,110.8,7.28,NA,-129.4,26.365
STANDARD DEVIATION:,,,,0,0,0,0,0,0,0,0,0,0,0,0,0,0,0,0
,,,,,,,,,,,,,,,,,,,
SENSOR SERIAL NUMBER:,,,,23F100933,23H102909,23F100933,23H100986,23H100986,23H100986,23H100986,23H100986,23E104117,23E104117,23E104117,23F100256,23F100256,23G102090,23G102090,23H100986
TIME (h:mm:ss tt),DATE (M/d/yyyy),SITE NAME,FAULT CODE,TAL PE RFU,BAROMETER MMHG,CHLOROPHYLL RFU,COND µS/CM,SPCOND µS/CM,TDS MG/L,SAL PSU,NLF COND µS/CM,DEPTH M,VERTICAL POSITION M,PRESSURE PSI A,ODO % SAT,ODO MG/L,PH,PH MV,TEMP °C
1:34:02 PM,03/10/2026,EBB3,0,-0.39,762.6,-0.11,56397.5,54964.8,35727,36.38,54813.7,2.168,2.253,3.158,110.8,7.28,7.94,-129.4,26.365
,,,,,,,,,,,,,,,,,,,
MEAN VALUE:,,,,-0.36,762.5,-0.14,56405.4,54964.8,35727,36.38,54812.8,0.633,0.669,0.922,109.8,7.21,NA,-130.1,26.372
STANDARD DEVIATION:,,,,0,0,0,0,0,0,0,0,0,0,0,0,0,0,0,0
,,,,,,,,,,,,,,,,,,,
SENSOR SERIAL NUMBER:,,,,23F100933,23H102909,23F100933,23H100986,23H100986,23H100986,23H100986,23H100986,23E104117,23E104117,23E104117,23F100256,23F100256,23G102090,23G102090,23H100986
TIME (h:mm:ss tt),DATE (M/d/yyyy),SITE NAME,FAULT CODE,TAL PE RFU,BAROMETER MMHG,CHLOROPHYLL RFU,COND µS/CM,SPCOND µS/CM,TDS MG/L,SAL PSU,NLF COND µS/CM,DEPTH M,VERTICAL POSITION M,PRESSURE PSI A,ODO % SAT,ODO MG/L,PH,PH MV,TEMP °C
1:33:33 PM,03/10/2026,EBB1,0,-0.36,762.5,-0.14,56405.4,54964.8,35727,36.38,54812.8,0.633,0.669,0.922,109.8,7.21,7.96,-130.1,26.372
,,,,,,,,,,,,,,,,,,,
MEAN VALUE:,,,,-0.3,762.9,-0.15,56045.5,54939.9,35711,36.37,54823.9,2.098,2.154,3.055,101.8,6.72,NA,-128.5,26.054
STANDARD DEVIATION:,,,,0,0,0,0,0,0,0,0,0,0,0,0,0,0,0,0
,,,,,,,,,,,,,,,,,,,
SENSOR SERIAL NUMBER:,,,,23F100933,23H102909,23F100933,23H100986,23H100986,23H100986,23H100986,23H100986,23E104117,23E104117,23E104117,23F100256,23F100256,23G102090,23G102090,23H100986
TIME (h:mm:ss tt),DATE (M/d/yyyy),SITE NAME,FAULT CODE,TAL PE RFU,BAROMETER MMHG,CHLOROPHYLL RFU,COND µS/CM,SPCOND µS/CM,TDS MG/L,SAL PSU,NLF COND µS/CM,DEPTH M,VERTICAL POSITION M,PRESSURE PSI A,ODO % SAT,ODO MG/L,PH,PH MV,TEMP °C
1:28:20 PM,03/10/2026,YIC3,0,-0.3,762.9,-0.15,56045.5,54939.9,35711,36.37,54823.9,2.098,2.154,3.055,101.8,6.72,7.93,-128.5,26.054
,,,,,,,,,,,,,,,,,,,
MEAN VALUE:,,,,-0.35,762.7,-0.13,56066.5,54939.3,35711,36.37,54820.9,0.796,0.793,1.16,102.4,6.76,NA,-129.2,26.074
STANDARD DEVIATION:,,,,0,0,0,0,0,0,0,0,0,0,0,0,0,0,0,0
,,,,,,,,,,,,,,,,,,,
SENSOR SERIAL NUMBER:,,,,23F100933,23H102909,23F100933,23H100986,23H100986,23H100986,23H100986,23H100986,23E104117,23E104117,23E104117,23F100256,23F100256,23G102090,23G102090,23H100986
TIME (h:mm:ss tt),DATE (M/d/yyyy),SITE NAME,FAULT CODE,TAL PE RFU,BAROMETER MMHG,CHLOROPHYLL RFU,COND µS/CM,SPCOND µS/CM,TDS MG/L,SAL PSU,NLF COND µS/CM,DEPTH M,VERTICAL POSITION M,PRESSURE PSI A,ODO % SAT,ODO MG/L,PH,PH MV,TEMP °C
1:28:05 PM,03/10/2026,YIC1,0,-0.35,762.7,-0.13,56066.5,54939.3,35711,36.37,54820.9,0.796,0.793,1.16,102.4,6.76,7.94,-129.2,26.074
,,,,,,,,,,,,,,,,,,,
MEAN VALUE:,,,,-0.35,762.9,-0.12,56383.8,54927.2,35703,36.35,54773.6,1.756,1.825,2.557,101,6.63,NA,-126.2,26.388
STANDARD DEVIATION:,,,,0,0,0,0,0,0,0,0,0,0,0,0,0,0,0,0
,,,,,,,,,,,,,,,,,,,
SENSOR SERIAL NUMBER:,,,,23F100933,23H102909,23F100933,23H100986,23H100986,23H100986,23H100986,23H100986,23E104117,23E104117,23E104117,23F100256,23F100256,23G102090,23G102090,23H100986
TIME (h:mm:ss tt),DATE (M/d/yyyy),SITE NAME,FAULT CODE,TAL PE RFU,BAROMETER MMHG,CHLOROPHYLL RFU,COND µS/CM,SPCOND µS/CM,TDS MG/L,SAL PSU,NLF COND µS/CM,DEPTH M,VERTICAL POSITION M,PRESSURE PSI A,ODO % SAT,ODO MG/L,PH,PH MV,TEMP °C
1:18:07 PM,03/10/2026,GIC3,0,-0.35,762.9,-0.12,56383.8,54927.2,35703,36.35,54773.6,1.756,1.825,2.557,101,6.63,7.89,-126.2,26.388
,,,,,,,,,,,,,,,,,,,
MEAN VALUE:,,,,0.13,762.6,-0.11,56361.1,54917.7,35697,36.34,54765.5,0.837,0.923,1.219,102.8,6.75,NA,-125.3,26.376
STANDARD DEVIATION:,,,,0,0,0,0,0,0,0,0,0,0,0,0,0,0,0,0
,,,,,,,,,,,,,,,,,,,
SENSOR SERIAL NUMBER:,,,,23F100933,23H102909,23F100933,23H100986,23H100986,23H100986,23H100986,23H100986,23E104117,23E104117,23E104117,23F100256,23F100256,23G102090,23G102090,23H100986
TIME (h:mm:ss tt),DATE (M/d/yyyy),SITE NAME,FAULT CODE,TAL PE RFU,BAROMETER MMHG,CHLOROPHYLL RFU,COND µS/CM,SPCOND µS/CM,TDS MG/L,SAL PSU,NLF COND µS/CM,DEPTH M,VERTICAL POSITION M,PRESSURE PSI A,ODO % SAT,ODO MG/L,PH,PH MV,TEMP °C
1:17:46 PM,03/10/2026,GIC1,0,0.13,762.6,-0.11,56361.1,54917.7,35697,36.34,54765.5,0.837,0.923,1.219,102.8,6.75,7.87,-125.3,26.376
,,,,,,,,,,,,,,,,,,,
MEAN VALUE:,,,,762.7,0.063,0.587,0.089,26.527,0.4,0,,,,,,,,,
STANDARD DEVIATION:,,,,0,0,0,0,0,0,0,,,,,,,,,
,,,,,,,,,,,,,,,,,,,
SENSOR SERIAL NUMBER:,,,,23H102909,20A910384,20A910384,20A910384,20A910384,23H104038,23H104038,,,,,,,,,
TIME (h:mm:ss tt),DATE (M/d/yyyy),SITE NAME,FAULT CODE,BAROMETER MMHG,DEPTH M,VERTICAL POSITION M,PRESSURE PSI A,TEMP °C,TURBIDITY FNU,TSS MG/L,,,,,,,,,
1:13:51 PM,03/10/2026,GIC1,0,762.7,0.063,0.587,0.089,26.527,0.4,0,,,,,,,,,
,,,,,,,,,,,,,,,,,,,
MEAN VALUE:,,,,762.7,1.002,1.154,1.417,26.541,0.58,0,,,,,,,,,
STANDARD DEVIATION:,,,,0,0,0,0,0,0,0,,,,,,,,,
,,,,,,,,,,,,,,,,,,,
SENSOR SERIAL NUMBER:,,,,23H102909,20A910384,20A910384,20A910384,20A910384,23H104038,23H104038,,,,,,,,,
TIME (h:mm:ss tt),DATE (M/d/yyyy),SITE NAME,FAULT CODE,BAROMETER MMHG,DEPTH M,VERTICAL POSITION M,PRESSURE PSI A,TEMP °C,TURBIDITY FNU,TSS MG/L,,,,,,,,,
1:10:03 PM,03/10/2026,TPBN1,0,762.7,1.002,1.154,1.417,26.541,0.58,0,,,,,,,,,
,,,,,,,,,,,,,,,,,,,
MEAN VALUE:,,,,762.7,2.485,2.218,3.515,26.527,0.58,0,,,,,,,,,
STANDARD DEVIATION:,,,,0,0,0,0,0,0,0,,,,,,,,,
,,,,,,,,,,,,,,,,,,,
SENSOR SERIAL NUMBER:,,,,23H102909,20A910384,20A910384,20A910384,20A910384,23H104038,23H104038,,,,,,,,,
TIME (h:mm:ss tt),DATE (M/d/yyyy),SITE NAME,FAULT CODE,BAROMETER MMHG,DEPTH M,VERTICAL POSITION M,PRESSURE PSI A,TEMP °C,TURBIDITY FNU,TSS MG/L,,,,,,,,,
1:09:52 PM,03/10/2026,TPBN3,0,762.7,2.485,2.218,3.515,26.527,0.58,0,,,,,,,,,
,,,,,,,,,,,,,,,,,,,
MEAN VALUE:,,,,-0.03,762.7,-0.12,56506.1,54919.3,35698,36.34,54751.5,2.898,2.864,4.221,107.1,7.02,NA,-132.2,26.513
STANDARD DEVIATION:,,,,0,0,0,0,0,0,0,0,0,0,0,0,0,0,0,0
,,,,,,,,,,,,,,,,,,,
SENSOR SERIAL NUMBER:,,,,23F100933,23H102909,23F100933,23H100986,23H100986,23H100986,23H100986,23H100986,23E104117,23E104117,23E104117,23F100256,23F100256,23G102090,23G102090,23H100986
TIME (h:mm:ss tt),DATE (M/d/yyyy),SITE NAME,FAULT CODE,TAL PE RFU,BAROMETER MMHG,CHLOROPHYLL RFU,COND µS/CM,SPCOND µS/CM,TDS MG/L,SAL PSU,NLF COND µS/CM,DEPTH M,VERTICAL POSITION M,PRESSURE PSI A,ODO % SAT,ODO MG/L,PH,PH MV,TEMP °C
1:08:52 PM,03/10/2026,TPBN3,0,-0.03,762.7,-0.12,56506.1,54919.3,35698,36.34,54751.5,2.898,2.864,4.221,107.1,7.02,7.99,-132.2,26.513
,,,,,,,,,,,,,,,,,,,
MEAN VALUE:,,,,0.24,762.7,0.21,56435.4,54869.9,35665,36.31,54704.5,0.744,0.774,1.084,106.6,6.99,NA,-132.9,26.495
STANDARD DEVIATION:,,,,0,0,0,0,0,0,0,0,0,0,0,0,0,0,0,0
,,,,,,,,,,,,,,,,,,,
SENSOR SERIAL NUMBER:,,,,23F100933,23H102909,23F100933,23H100986,23H100986,23H100986,23H100986,23H100986,23E104117,23E104117,23E104117,23F100256,23F100256,23G102090,23G102090,23H100986
TIME (h:mm:ss tt),DATE (M/d/yyyy),SITE NAME,FAULT CODE,TAL PE RFU,BAROMETER MMHG,CHLOROPHYLL RFU,COND µS/CM,SPCOND µS/CM,TDS MG/L,SAL PSU,NLF COND µS/CM,DEPTH M,VERTICAL POSITION M,PRESSURE PSI A,ODO % SAT,ODO MG/L,PH,PH MV,TEMP °C
1:08:41 PM,03/10/2026,TPBN1,0,0.24,762.7,0.21,56435.4,54869.9,35665,36.31,54704.5,0.744,0.774,1.084,106.6,6.99,8,-132.9,26.495
,,,,,,,,,,,,,,,,,,,
MEAN VALUE:,,,,-0.31,762.7,-0.13,56038.1,54908.5,35691,36.35,54789.9,1.123,1.127,1.636,106.2,7.01,NA,-124.3,26.077
STANDARD DEVIATION:,,,,0,0,0,0,0,0,0,0,0,0,0,0,0,0,0,0
,,,,,,,,,,,,,,,,,,,
SENSOR SERIAL NUMBER:,,,,23F100933,23H102909,23F100933,23H100986,23H100986,23H100986,23H100986,23H100986,23E104117,23E104117,23E104117,23F100256,23F100256,23G102090,23G102090,23H100986
TIME (h:mm:ss tt),DATE (M/d/yyyy),SITE NAME,FAULT CODE,TAL PE RFU,BAROMETER MMHG,CHLOROPHYLL RFU,COND µS/CM,SPCOND µS/CM,TDS MG/L,SAL PSU,NLF COND µS/CM,DEPTH M,VERTICAL POSITION M,PRESSURE PSI A,ODO % SAT,ODO MG/L,PH,PH MV,TEMP °C
1:02:59 PM,03/10/2026,RBA1,0,-0.31,762.7,-0.13,56038.1,54908.5,35691,36.35,54789.9,1.123,1.127,1.636,106.2,7.01,7.86,-124.3,26.077
,,,,,,,,,,,,,,,,,,,
MEAN VALUE:,,,,763,0.063,0.741,0.089,26.171,0.86,0,,,,,,,,,
STANDARD DEVIATION:,,,,0,0,0,0,0,0,0,,,,,,,,,
,,,,,,,,,,,,,,,,,,,
SENSOR SERIAL NUMBER:,,,,23H102909,20A910384,20A910384,20A910384,20A910384,23H104038,23H104038,,,,,,,,,
TIME (h:mm:ss tt),DATE (M/d/yyyy),SITE NAME,FAULT CODE,BAROMETER MMHG,DEPTH M,VERTICAL POSITION M,PRESSURE PSI A,TEMP °C,TURBIDITY FNU,TSS MG/L,,,,,,,,,
1:02:21 PM,03/10/2026,RBA1,0,763,0.063,0.741,0.089,26.171,0.86,0,,,,,,,,,
,,,,,,,,,,,,,,,,,,,
MEAN VALUE:,,,,762.9,-0.027,-0.034,-0.038,24.934,28.72,0,,,,,,,,,
STANDARD DEVIATION:,,,,0,0,0,0,0,0,0,,,,,,,,,
,,,,,,,,,,,,,,,,,,,
SENSOR SERIAL NUMBER:,,,,23H102909,20A910384,20A910384,20A910384,20A910384,23H104038,23H104038,,,,,,,,,
TIME (h:mm:ss tt),DATE (M/d/yyyy),SITE NAME,FAULT CODE,BAROMETER MMHG,DEPTH M,VERTICAL POSITION M,PRESSURE PSI A,TEMP °C,TURBIDITY FNU,TSS MG/L,,,,,,,,,
1:01:41 PM,03/10/2026,ML1,0,762.9,-0.027,-0.034,-0.038,24.934,28.72,0,,,,,,,,,
,,,,,,,,,,,,,,,,,,,
MEAN VALUE:,,,,763,0.864,0.818,1.222,26.118,0.58,0,,,,,,,,,
STANDARD DEVIATION:,,,,0,0,0,0,0,0,0,,,,,,,,,
,,,,,,,,,,,,,,,,,,,
SENSOR SERIAL NUMBER:,,,,23H102909,20A910384,20A910384,20A910384,20A910384,23H104038,23H104038,,,,,,,,,
TIME (h:mm:ss tt),DATE (M/d/yyyy),SITE NAME,FAULT CODE,BAROMETER MMHG,DEPTH M,VERTICAL POSITION M,PRESSURE PSI A,TEMP °C,TURBIDITY FNU,TSS MG/L,,,,,,,,,
12:58:29 PM,03/10/2026,ML1,0,763,0.864,0.818,1.222,26.118,0.58,0,,,,,,,,,
,,,,,,,,,,,,,,,,,,,
MEAN VALUE:,,,,763,2.844,2.95,4.023,26.099,0.6,0,,,,,,,,,
STANDARD DEVIATION:,,,,0,0,0,0,0,0,0,,,,,,,,,
,,,,,,,,,,,,,,,,,,,
SENSOR SERIAL NUMBER:,,,,23H102909,20A910384,20A910384,20A910384,20A910384,23H104038,23H104038,,,,,,,,,
TIME (h:mm:ss tt),DATE (M/d/yyyy),SITE NAME,FAULT CODE,BAROMETER MMHG,DEPTH M,VERTICAL POSITION M,PRESSURE PSI A,TEMP °C,TURBIDITY FNU,TSS MG/L,,,,,,,,,
12:58:12 PM,03/10/2026,ML3,0,763,2.844,2.95,4.023,26.099,0.6,0,,,,,,,,,
,,,,,,,,,,,,,,,,,,,
MEAN VALUE:,,,,-0.33,763,-0.13,56101.7,54956.6,35722,36.38,54836.3,2.494,2.49,3.633,104,6.86,NA,-131.3,26.091
STANDARD DEVIATION:,,,,0,0,0,0,0,0,0,0,0,0,0,0,0,0,0,0
,,,,,,,,,,,,,,,,,,,
SENSOR SERIAL NUMBER:,,,,23F100933,23H102909,23F100933,23H100986,23H100986,23H100986,23H100986,23H100986,23E104117,23E104117,23E104117,23F100256,23F100256,23G102090,23G102090,23H100986
TIME (h:mm:ss tt),DATE (M/d/yyyy),SITE NAME,FAULT CODE,TAL PE RFU,BAROMETER MMHG,CHLOROPHYLL RFU,COND µS/CM,SPCOND µS/CM,TDS MG/L,SAL PSU,NLF COND µS/CM,DEPTH M,VERTICAL POSITION M,PRESSURE PSI A,ODO % SAT,ODO MG/L,PH,PH MV,TEMP °C
12:57:19 PM,03/10/2026,ML3,0,-0.33,763,-0.13,56101.7,54956.6,35722,36.38,54836.3,2.494,2.49,3.633,104,6.86,7.98,-131.3,26.091
,,,,,,,,,,,,,,,,,,,
MEAN VALUE:,,,,-0.24,763,-0.12,56086.4,54945.4,35714,36.37,54825.6,0.117,0.638,0.17,104.3,6.88,NA,-132.4,26.087
STANDARD DEVIATION:,,,,0,0,0,0,0,0,0,0,0,0,0,0,0,0,0,0
,,,,,,,,,,,,,,,,,,,
SENSOR SERIAL NUMBER:,,,,23F100933,23H102909,23F100933,23H100986,23H100986,23H100986,23H100986,23H100986,23E104117,23E104117,23E104117,23F100256,23F100256,23G102090,23G102090,23H100986
TIME (h:mm:ss tt),DATE (M/d/yyyy),SITE NAME,FAULT CODE,TAL PE RFU,BAROMETER MMHG,CHLOROPHYLL RFU,COND µS/CM,SPCOND µS/CM,TDS MG/L,SAL PSU,NLF COND µS/CM,DEPTH M,VERTICAL POSITION M,PRESSURE PSI A,ODO % SAT,ODO MG/L,PH,PH MV,TEMP °C
12:57:02 PM,03/10/2026,ML1,0,-0.24,763,-0.12,56086.4,54945.4,35714,36.37,54825.6,0.117,0.638,0.17,104.3,6.88,8,-132.4,26.087
,,,,,,,,,,,,,,,,,,,
MEAN VALUE:,,,,-0.41,762.8,-0.1,56244,54957.9,35723,36.38,54822.6,0.921,0.964,1.341,106.7,7.02,NA,-124.4,26.225
STANDARD DEVIATION:,,,,0,0,0,0,0,0,0,0,0,0,0,0,0,0,0,0
,,,,,,,,,,,,,,,,,,,
SENSOR SERIAL NUMBER:,,,,23F100933,23H102909,23F100933,23H100986,23H100986,23H100986,23H100986,23H100986,23E104117,23E104117,23E104117,23F100256,23F100256,23G102090,23G102090,23H100986
TIME (h:mm:ss tt),DATE (M/d/yyyy),SITE NAME,FAULT CODE,TAL PE RFU,BAROMETER MMHG,CHLOROPHYLL RFU,COND µS/CM,SPCOND µS/CM,TDS MG/L,SAL PSU,NLF COND µS/CM,DEPTH M,VERTICAL POSITION M,PRESSURE PSI A,ODO % SAT,ODO MG/L,PH,PH MV,TEMP °C
12:54:38 PM,03/10/2026,GIA1,0,-0.41,762.8,-0.1,56244,54957.9,35723,36.38,54822.6,0.921,0.964,1.341,106.7,7.02,7.86,-124.4,26.225
,,,,,,,,,,,,,,,,,,,
MEAN VALUE:,,,,-0.38,762.9,-0.11,56163.9,54936.7,35709,36.36,54807.7,2.845,2.826,4.144,105.9,6.98,NA,-123.6,26.17
STANDARD DEVIATION:,,,,0,0,0,0,0,0,0,0,0,0,0,0,0,0,0,0
,,,,,,,,,,,,,,,,,,,
SENSOR SERIAL NUMBER:,,,,23F100933,23H102909,23F100933,23H100986,23H100986,23H100986,23H100986,23H100986,23E104117,23E104117,23E104117,23F100256,23F100256,23G102090,23G102090,23H100986
TIME (h:mm:ss tt),DATE (M/d/yyyy),SITE NAME,FAULT CODE,TAL PE RFU,BAROMETER MMHG,CHLOROPHYLL RFU,COND µS/CM,SPCOND µS/CM,TDS MG/L,SAL PSU,NLF COND µS/CM,DEPTH M,VERTICAL POSITION M,PRESSURE PSI A,ODO % SAT,ODO MG/L,PH,PH MV,TEMP °C
12:54:26 PM,03/10/2026,GIA3,0,-0.38,762.9,-0.11,56163.9,54936.7,35709,36.36,54807.7,2.845,2.826,4.144,105.9,6.98,7.85,-123.6,26.17
,,,,,,,,,,,,,,,,,,,
MEAN VALUE:,,,,762.9,2.944,2.766,4.165,26.255,0.52,0,,,,,,,,,
STANDARD DEVIATION:,,,,0,0,0,0,0,0,0,,,,,,,,,
,,,,,,,,,,,,,,,,,,,
SENSOR SERIAL NUMBER:,,,,23H102909,20A910384,20A910384,20A910384,20A910384,23H104038,23H104038,,,,,,,,,
TIME (h:mm:ss tt),DATE (M/d/yyyy),SITE NAME,FAULT CODE,BAROMETER MMHG,DEPTH M,VERTICAL POSITION M,PRESSURE PSI A,TEMP °C,TURBIDITY FNU,TSS MG/L,,,,,,,,,
12:53:45 PM,03/10/2026,GIA3,0,762.9,2.944,2.766,4.165,26.255,0.52,0,,,,,,,,,
,,,,,,,,,,,,,,,,,,,
MEAN VALUE:,,,,763,1.037,1.162,1.466,26.263,0.65,0,,,,,,,,,
STANDARD DEVIATION:,,,,0,0,0,0,0,0,0,,,,,,,,,
,,,,,,,,,,,,,,,,,,,
SENSOR SERIAL NUMBER:,,,,23H102909,20A910384,20A910384,20A910384,20A910384,23H104038,23H104038,,,,,,,,,
TIME (h:mm:ss tt),DATE (M/d/yyyy),SITE NAME,FAULT CODE,BAROMETER MMHG,DEPTH M,VERTICAL POSITION M,PRESSURE PSI A,TEMP °C,TURBIDITY FNU,TSS MG/L,,,,,,,,,
12:53:28 PM,03/10/2026,GIA1,0,763,1.037,1.162,1.466,26.263,0.65,0,,,,,,,,,
,,,,,,,,,,,,,,,,,,,
MEAN VALUE:,,,,763,0.659,0.646,0.932,26.278,0.41,0,,,,,,,,,
STANDARD DEVIATION:,,,,0,0,0,0,0,0,0,,,,,,,,,
,,,,,,,,,,,,,,,,,,,
SENSOR SERIAL NUMBER:,,,,23H102909,20A910384,20A910384,20A910384,20A910384,23H104038,23H104038,,,,,,,,,
TIME (h:mm:ss tt),DATE (M/d/yyyy),SITE NAME,FAULT CODE,BAROMETER MMHG,DEPTH M,VERTICAL POSITION M,PRESSURE PSI A,TEMP °C,TURBIDITY FNU,TSS MG/L,,,,,,,,,
12:48:36 PM,03/10/2026,NBA1,0,763,0.659,0.646,0.932,26.278,0.41,0,,,,,,,,,
,,,,,,,,,,,,,,,,,,,
MEAN VALUE:,,,,763,0.65,0.633,0.92,26.276,3.68,0,,,,,,,,,
STANDARD DEVIATION:,,,,0,0,0,0,0,0,0,,,,,,,,,
,,,,,,,,,,,,,,,,,,,
SENSOR SERIAL NUMBER:,,,,23H102909,20A910384,20A910384,20A910384,20A910384,23H104038,23H104038,,,,,,,,,
TIME (h:mm:ss tt),DATE (M/d/yyyy),SITE NAME,FAULT CODE,BAROMETER MMHG,DEPTH M,VERTICAL POSITION M,PRESSURE PSI A,TEMP °C,TURBIDITY FNU,TSS MG/L,,,,,,,,,
12:48:29 PM,03/10/2026,NBA1,0,763,0.65,0.633,0.92,26.276,3.68,0,,,,,,,,,
,,,,,,,,,,,,,,,,,,,
MEAN VALUE:,,,,763,1.989,1.87,2.813,26.252,0.38,0,,,,,,,,,
STANDARD DEVIATION:,,,,0,0,0,0,0,0,0,,,,,,,,,
,,,,,,,,,,,,,,,,,,,
SENSOR SERIAL NUMBER:,,,,23H102909,20A910384,20A910384,20A910384,20A910384,23H104038,23H104038,,,,,,,,,
TIME (h:mm:ss tt),DATE (M/d/yyyy),SITE NAME,FAULT CODE,BAROMETER MMHG,DEPTH M,VERTICAL POSITION M,PRESSURE PSI A,TEMP °C,TURBIDITY FNU,TSS MG/L,,,,,,,,,
12:48:05 PM,03/10/2026,NBA3,0,763,1.989,1.87,2.813,26.252,0.38,0,,,,,,,,,
,,,,,,,,,,,,,,,,,,,
MEAN VALUE:,,,,-0.35,762.7,-0.14,56215.4,54938.4,35710,36.36,54804.1,1.518,1.397,2.211,103,6.78,NA,-129.4,26.217
STANDARD DEVIATION:,,,,0,0,0,0,0,0,0,0,0,0,0,0,0,0,0,0
,,,,,,,,,,,,,,,,,,,
SENSOR SERIAL NUMBER:,,,,23F100933,23H102909,23F100933,23H100986,23H100986,23H100986,23H100986,23H100986,23E104117,23E104117,23E104117,23F100256,23F100256,23G102090,23G102090,23H100986
TIME (h:mm:ss tt),DATE (M/d/yyyy),SITE NAME,FAULT CODE,TAL PE RFU,BAROMETER MMHG,CHLOROPHYLL RFU,COND µS/CM,SPCOND µS/CM,TDS MG/L,SAL PSU,NLF COND µS/CM,DEPTH M,VERTICAL POSITION M,PRESSURE PSI A,ODO % SAT,ODO MG/L,PH,PH MV,TEMP °C
12:47:05 PM,03/10/2026,NBA3,0,-0.35,762.7,-0.14,56215.4,54938.4,35710,36.36,54804.1,1.518,1.397,2.211,103,6.78,7.94,-129.4,26.217
,,,,,,,,,,,,,,,,,,,
MEAN VALUE:,,,,0,762.7,-0.13,56193.4,54935.8,35708,36.36,54803.6,0.03,0.189,0.044,103.9,6.84,NA,-129.6,26.199
STANDARD DEVIATION:,,,,0,0,0,0,0,0,0,0,0,0,0,0,0,0,0,0
,,,,,,,,,,,,,,,,,,,
SENSOR SERIAL NUMBER:,,,,23F100933,23H102909,23F100933,23H100986,23H100986,23H100986,23H100986,23H100986,23E104117,23E104117,23E104117,23F100256,23F100256,23G102090,23G102090,23H100986
TIME (h:mm:ss tt),DATE (M/d/yyyy),SITE NAME,FAULT CODE,TAL PE RFU,BAROMETER MMHG,CHLOROPHYLL RFU,COND µS/CM,SPCOND µS/CM,TDS MG/L,SAL PSU,NLF COND µS/CM,DEPTH M,VERTICAL POSITION M,PRESSURE PSI A,ODO % SAT,ODO MG/L,PH,PH MV,TEMP °C
12:46:52 PM,03/10/2026,NBA1,0,0,762.7,-0.13,56193.4,54935.8,35708,36.36,54803.6,0.03,0.189,0.044,103.9,6.84,7.95,-129.6,26.199
,,,,,,,,,,,,,,,,,,,
MEAN VALUE:,,,,-0.28,763.3,-0.11,56192.5,55019.2,35762,36.43,54895.9,1.299,1.282,1.892,109.3,7.21,NA,-124.5,26.117
STANDARD DEVIATION:,,,,0,0,0,0,0,0,0,0,0,0,0,0,0,0,0,0
,,,,,,,,,,,,,,,,,,,
SENSOR SERIAL NUMBER:,,,,23F100933,23H102909,23F100933,23H100986,23H100986,23H100986,23H100986,23H100986,23E104117,23E104117,23E104117,23F100256,23F100256,23G102090,23G102090,23H100986
TIME (h:mm:ss tt),DATE (M/d/yyyy),SITE NAME,FAULT CODE,TAL PE RFU,BAROMETER MMHG,CHLOROPHYLL RFU,COND µS/CM,SPCOND µS/CM,TDS MG/L,SAL PSU,NLF COND µS/CM,DEPTH M,VERTICAL POSITION M,PRESSURE PSI A,ODO % SAT,ODO MG/L,PH,PH MV,TEMP °C
12:42:18 PM,03/10/2026,NBRB1,0,-0.28,763.3,-0.11,56192.5,55019.2,35762,36.43,54895.9,1.299,1.282,1.892,109.3,7.21,7.86,-124.5,26.117
,,,,,,,,,,,,,,,,,,,
MEAN VALUE:,,,,762.8,0.973,1.209,1.377,26.05,0.81,0,,,,,,,,,
STANDARD DEVIATION:,,,,0,0,0,0,0,0,0,,,,,,,,,
,,,,,,,,,,,,,,,,,,,
SENSOR SERIAL NUMBER:,,,,23H102909,20A910384,20A910384,20A910384,20A910384,23H104038,23H104038,,,,,,,,,
TIME (h:mm:ss tt),DATE (M/d/yyyy),SITE NAME,FAULT CODE,BAROMETER MMHG,DEPTH M,VERTICAL POSITION M,PRESSURE PSI A,TEMP °C,TURBIDITY FNU,TSS MG/L,,,,,,,,,
12:41:38 PM,03/10/2026,NBRB1,0,762.8,0.973,1.209,1.377,26.05,0.81,0,,,,,,,,,
,,,,,,,,,,,,,,,,,,,
MEAN VALUE:,,,,763.1,0.833,0.853,1.179,25.987,2.67,0,,,,,,,,,
STANDARD DEVIATION:,,,,0,0,0,0,0,0,0,,,,,,,,,
,,,,,,,,,,,,,,,,,,,
SENSOR SERIAL NUMBER:,,,,23H102909,20A910384,20A910384,20A910384,20A910384,23H104038,23H104038,,,,,,,,,
TIME (h:mm:ss tt),DATE (M/d/yyyy),SITE NAME,FAULT CODE,BAROMETER MMHG,DEPTH M,VERTICAL POSITION M,PRESSURE PSI A,TEMP °C,TURBIDITY FNU,TSS MG/L,,,,,,,,,
12:37:30 PM,03/10/2026,NBRM1,0,763.1,0.833,0.853,1.179,25.987,2.67,0,,,,,,,,,
,,,,,,,,,,,,,,,,,,,
MEAN VALUE:,,,,0.11,762.9,-0.05,56062.5,55059.1,35788,36.46,54954,0.071,0.569,0.104,103.5,6.84,NA,-126.7,25.954
STANDARD DEVIATION:,,,,0,0,0,0,0,0,0,0,0,0,0,0,0,0,0,0
,,,,,,,,,,,,,,,,,,,
SENSOR SERIAL NUMBER:,,,,23F100933,23H102909,23F100933,23H100986,23H100986,23H100986,23H100986,23H100986,23E104117,23E104117,23E104117,23F100256,23F100256,23G102090,23G102090,23H100986
TIME (h:mm:ss tt),DATE (M/d/yyyy),SITE NAME,FAULT CODE,TAL PE RFU,BAROMETER MMHG,CHLOROPHYLL RFU,COND µS/CM,SPCOND µS/CM,TDS MG/L,SAL PSU,NLF COND µS/CM,DEPTH M,VERTICAL POSITION M,PRESSURE PSI A,ODO % SAT,ODO MG/L,PH,PH MV,TEMP °C
12:36:48 PM,03/10/2026,NBRM1,0,0.11,762.9,-0.05,56062.5,55059.1,35788,36.46,54954,0.071,0.569,0.104,103.5,6.84,7.9,-126.7,25.954
,,,,,,,,,,,,,,,,,,,
MEAN VALUE:,,,,-0.27,763,-0.14,56217.3,55014.9,35760,36.42,54888.6,0.923,0.933,1.344,106.1,6.99,NA,-119.6,26.145
STANDARD DEVIATION:,,,,0,0,0,0,0,0,0,0,0,0,0,0,0,0,0,0
,,,,,,,,,,,,,,,,,,,
SENSOR SERIAL NUMBER:,,,,23F100933,23H102909,23F100933,23H100986,23H100986,23H100986,23H100986,23H100986,23E104117,23E104117,23E104117,23F100256,23F100256,23G102090,23G102090,23H100986
TIME (h:mm:ss tt),DATE (M/d/yyyy),SITE NAME,FAULT CODE,TAL PE RFU,BAROMETER MMHG,CHLOROPHYLL RFU,COND µS/CM,SPCOND µS/CM,TDS MG/L,SAL PSU,NLF COND µS/CM,DEPTH M,VERTICAL POSITION M,PRESSURE PSI A,ODO % SAT,ODO MG/L,PH,PH MV,TEMP °C
12:31:59 PM,03/10/2026,EC1,0,-0.27,763,-0.14,56217.3,55014.9,35760,36.42,54888.6,0.923,0.933,1.344,106.1,6.99,7.78,-119.6,26.145
,,,,,,,,,,,,,,,,,,,
MEAN VALUE:,,,,763,1.101,1.065,1.557,26.291,0.73,0,,,,,,,,,
STANDARD DEVIATION:,,,,0,0,0,0,0,0,0,,,,,,,,,
,,,,,,,,,,,,,,,,,,,
SENSOR SERIAL NUMBER:,,,,23H102909,20A910384,20A910384,20A910384,20A910384,23H104038,23H104038,,,,,,,,,
TIME (h:mm:ss tt),DATE (M/d/yyyy),SITE NAME,FAULT CODE,BAROMETER MMHG,DEPTH M,VERTICAL POSITION M,PRESSURE PSI A,TEMP °C,TURBIDITY FNU,TSS MG/L,,,,,,,,,
12:31:13 PM,03/10/2026,EC1,0,763,1.101,1.065,1.557,26.291,0.73,0,,,,,,,,,
,,,,,,,,,,,,,,,,,,,
MEAN VALUE:,,,,763,0.835,0.858,1.181,26.429,0.26,0,,,,,,,,,
STANDARD DEVIATION:,,,,0,0,0,0,0,0,0,,,,,,,,,
,,,,,,,,,,,,,,,,,,,
SENSOR SERIAL NUMBER:,,,,23H102909,20A910384,20A910384,20A910384,20A910384,23H104038,23H104038,,,,,,,,,
TIME (h:mm:ss tt),DATE (M/d/yyyy),SITE NAME,FAULT CODE,BAROMETER MMHG,DEPTH M,VERTICAL POSITION M,PRESSURE PSI A,TEMP °C,TURBIDITY FNU,TSS MG/L,,,,,,,,,
12:15:24 PM,03/10/2026,SRS1,0,763,0.835,0.858,1.181,26.429,0.26,0,,,,,,,,,
,,,,,,,,,,,,,,,,,,,
MEAN VALUE:,,,,-0.31,763.1,-0.06,56462.2,54913.4,35694,36.34,54749.7,0.871,0.912,1.268,104.3,6.84,NA,-125.7,26.477
STANDARD DEVIATION:,,,,0,0,0,0,0,0,0,0,0,0,0,0,0,0,0,0
,,,,,,,,,,,,,,,,,,,
SENSOR SERIAL NUMBER:,,,,23F100933,23H102909,23F100933,23H100986,23H100986,23H100986,23H100986,23H100986,23E104117,23E104117,23E104117,23F100256,23F100256,23G102090,23G102090,23H100986
TIME (h:mm:ss tt),DATE (M/d/yyyy),SITE NAME,FAULT CODE,TAL PE RFU,BAROMETER MMHG,CHLOROPHYLL RFU,COND µS/CM,SPCOND µS/CM,TDS MG/L,SAL PSU,NLF COND µS/CM,DEPTH M,VERTICAL POSITION M,PRESSURE PSI A,ODO % SAT,ODO MG/L,PH,PH MV,TEMP °C
12:14:46 PM,03/10/2026,SRS1,0,-0.31,763.1,-0.06,56462.2,54913.4,35694,36.34,54749.7,0.871,0.912,1.268,104.3,6.84,7.88,-125.7,26.477
,,,,,,,,,,,,,,,,,,,
MEAN VALUE:,,,,-0.35,763.3,-0.1,56187.2,54909.5,35691,36.34,54775.1,1.153,1.126,1.679,104.4,6.87,NA,-123.4,26.218
STANDARD DEVIATION:,,,,0,0,0,0,0,0,0,0,0,0,0,0,0,0,0,0
,,,,,,,,,,,,,,,,,,,
SENSOR SERIAL NUMBER:,,,,23F100933,23H102909,23F100933,23H100986,23H100986,23H100986,23H100986,23H100986,23E104117,23E104117,23E104117,23F100256,23F100256,23G102090,23G102090,23H100986
TIME (h:mm:ss tt),DATE (M/d/yyyy),SITE NAME,FAULT CODE,TAL PE RFU,BAROMETER MMHG,CHLOROPHYLL RFU,COND µS/CM,SPCOND µS/CM,TDS MG/L,SAL PSU,NLF COND µS/CM,DEPTH M,VERTICAL POSITION M,PRESSURE PSI A,ODO % SAT,ODO MG/L,PH,PH MV,TEMP °C
12:00:33 PM,03/10/2026,JC1,0,-0.35,763.3,-0.1,56187.2,54909.5,35691,36.34,54775.1,1.153,1.126,1.679,104.4,6.87,7.84,-123.4,26.218
,,,,,,,,,,,,,,,,,,,
MEAN VALUE:,,,,-0.36,763.3,-0.14,56179.1,54910.2,35692,36.34,54776.7,2.605,2.566,3.794,104.5,6.88,NA,-122,26.21
STANDARD DEVIATION:,,,,0,0,0,0,0,0,0,0,0,0,0,0,0,0,0,0
,,,,,,,,,,,,,,,,,,,
SENSOR SERIAL NUMBER:,,,,23F100933,23H102909,23F100933,23H100986,23H100986,23H100986,23H100986,23H100986,23E104117,23E104117,23E104117,23F100256,23F100256,23G102090,23G102090,23H100986
TIME (h:mm:ss tt),DATE (M/d/yyyy),SITE NAME,FAULT CODE,TAL PE RFU,BAROMETER MMHG,CHLOROPHYLL RFU,COND µS/CM,SPCOND µS/CM,TDS MG/L,SAL PSU,NLF COND µS/CM,DEPTH M,VERTICAL POSITION M,PRESSURE PSI A,ODO % SAT,ODO MG/L,PH,PH MV,TEMP °C
12:00:21 PM,03/10/2026,JC3,0,-0.36,763.3,-0.14,56179.1,54910.2,35692,36.34,54776.7,2.605,2.566,3.794,104.5,6.88,7.82,-122,26.21
,,,,,,,,,,,,,,,,,,,
MEAN VALUE:,,,,763.4,2.555,2.537,3.614,26.248,0.43,0,,,,,,,,,
STANDARD DEVIATION:,,,,0,0,0,0,0,0,0,,,,,,,,,
,,,,,,,,,,,,,,,,,,,
SENSOR SERIAL NUMBER:,,,,23H102909,20A910384,20A910384,20A910384,20A910384,23H104038,23H104038,,,,,,,,,
TIME (h:mm:ss tt),DATE (M/d/yyyy),SITE NAME,FAULT CODE,BAROMETER MMHG,DEPTH M,VERTICAL POSITION M,PRESSURE PSI A,TEMP °C,TURBIDITY FNU,TSS MG/L,,,,,,,,,
11:59:26 AM,03/10/2026,JC3,0,763.4,2.555,2.537,3.614,26.248,0.43,0,,,,,,,,,
,,,,,,,,,,,,,,,,,,,
MEAN VALUE:,,,,763.4,1.028,1.159,1.454,26.23,0.6,0,,,,,,,,,
STANDARD DEVIATION:,,,,0,0,0,0,0,0,0,,,,,,,,,
,,,,,,,,,,,,,,,,,,,
SENSOR SERIAL NUMBER:,,,,23H102909,20A910384,20A910384,20A910384,20A910384,23H104038,23H104038,,,,,,,,,
TIME (h:mm:ss tt),DATE (M/d/yyyy),SITE NAME,FAULT CODE,BAROMETER MMHG,DEPTH M,VERTICAL POSITION M,PRESSURE PSI A,TEMP °C,TURBIDITY FNU,TSS MG/L,,,,,,,,,
11:59:12 AM,03/10/2026,JC1,0,763.4,1.028,1.159,1.454,26.23,0.6,0,,,,,,,,,
,,,,,,,,,,,,,,,,,,,
MEAN VALUE:,,,,763.3,1.09,1.076,1.542,26.296,0.16,0,,,,,,,,,
STANDARD DEVIATION:,,,,0,0,0,0,0,0,0,,,,,,,,,
,,,,,,,,,,,,,,,,,,,
SENSOR SERIAL NUMBER:,,,,23H102909,20A910384,20A910384,20A910384,20A910384,23H104038,23H104038,,,,,,,,,
TIME (h:mm:ss tt),DATE (M/d/yyyy),SITE NAME,FAULT CODE,BAROMETER MMHG,DEPTH M,VERTICAL POSITION M,PRESSURE PSI A,TEMP °C,TURBIDITY FNU,TSS MG/L,,,,,,,,,
11:49:02 AM,03/10/2026,JN1,0,763.3,1.09,1.076,1.542,26.296,0.16,0,,,,,,,,,
,,,,,,,,,,,,,,,,,,,
MEAN VALUE:,,,,763.3,2.466,2.497,3.488,26.193,0.09,0,,,,,,,,,
STANDARD DEVIATION:,,,,0,0,0,0,0,0,0,,,,,,,,,
,,,,,,,,,,,,,,,,,,,
SENSOR SERIAL NUMBER:,,,,23H102909,20A910384,20A910384,20A910384,20A910384,23H104038,23H104038,,,,,,,,,
TIME (h:mm:ss tt),DATE (M/d/yyyy),SITE NAME,FAULT CODE,BAROMETER MMHG,DEPTH M,VERTICAL POSITION M,PRESSURE PSI A,TEMP °C,TURBIDITY FNU,TSS MG/L,,,,,,,,,
11:48:44 AM,03/10/2026,JN3,0,763.3,2.466,2.497,3.488,26.193,0.09,0,,,,,,,,,
,,,,,,,,,,,,,,,,,,,
MEAN VALUE:,,,,-0.32,763.3,-0.15,56204.4,54882.8,35674,36.32,54743.6,2.592,2.596,3.775,99.7,6.56,NA,-131.7,26.261
STANDARD DEVIATION:,,,,0,0,0,0,0,0,0,0,0,0,0,0,0,0,0,0
,,,,,,,,,,,,,,,,,,,
SENSOR SERIAL NUMBER:,,,,23F100933,23H102909,23F100933,23H100986,23H100986,23H100986,23H100986,23H100986,23E104117,23E104117,23E104117,23F100256,23F100256,23G102090,23G102090,23H100986
TIME (h:mm:ss tt),DATE (M/d/yyyy),SITE NAME,FAULT CODE,TAL PE RFU,BAROMETER MMHG,CHLOROPHYLL RFU,COND µS/CM,SPCOND µS/CM,TDS MG/L,SAL PSU,NLF COND µS/CM,DEPTH M,VERTICAL POSITION M,PRESSURE PSI A,ODO % SAT,ODO MG/L,PH,PH MV,TEMP °C
11:46:52 AM,03/10/2026,JN3,0,-0.32,763.3,-0.15,56204.4,54882.8,35674,36.32,54743.6,2.592,2.596,3.775,99.7,6.56,7.98,-131.7,26.261
,,,,,,,,,,,,,,,,,,,
MEAN VALUE:,,,,-0.33,763.2,-0.14,56188.6,54872.8,35667,36.31,54734.3,0.32,0.637,0.466,100.4,6.6,NA,-131,26.255
STANDARD DEVIATION:,,,,0,0,0,0,0,0,0,0,0,0,0,0,0,0,0,0
,,,,,,,,,,,,,,,,,,,
SENSOR SERIAL NUMBER:,,,,23F100933,23H102909,23F100933,23H100986,23H100986,23H100986,23H100986,23H100986,23E104117,23E104117,23E104117,23F100256,23F100256,23G102090,23G102090,23H100986
TIME (h:mm:ss tt),DATE (M/d/yyyy),SITE NAME,FAULT CODE,TAL PE RFU,BAROMETER MMHG,CHLOROPHYLL RFU,COND µS/CM,SPCOND µS/CM,TDS MG/L,SAL PSU,NLF COND µS/CM,DEPTH M,VERTICAL POSITION M,PRESSURE PSI A,ODO % SAT,ODO MG/L,PH,PH MV,TEMP °C
11:46:38 AM,03/10/2026,JN1,0,-0.33,763.2,-0.14,56188.6,54872.8,35667,36.31,54734.3,0.32,0.637,0.466,100.4,6.6,7.97,-131,26.255
,,,,,,,,,,,,,,,,,,,
MEAN VALUE:,,,,-0.26,761,-0.09,57601.4,55328.4,35963,36.63,55085.8,0.887,0.965,1.292,103.2,6.68,NA,-130.5,27.151
STANDARD DEVIATION:,,,,0,0,0,0,0,0,0,0,0,0,0,0,0,0,0,0
,,,,,,,,,,,,,,,,,,,
SENSOR SERIAL NUMBER:,,,,23F100933,23H102909,23F100933,23H100986,23H100986,23H100986,23H100986,23H100986,23E104117,23E104117,23E104117,23F100256,23F100256,23G102090,23G102090,23H100986
TIME (h:mm:ss tt),DATE (M/d/yyyy),SITE NAME,FAULT CODE,TAL PE RFU,BAROMETER MMHG,CHLOROPHYLL RFU,COND µS/CM,SPCOND µS/CM,TDS MG/L,SAL PSU,NLF COND µS/CM,DEPTH M,VERTICAL POSITION M,PRESSURE PSI A,ODO % SAT,ODO MG/L,PH,PH MV,TEMP °C
3:46:31 PM,02/12/2026,CN1,0,-0.26,761,-0.09,57601.4,55328.4,35963,36.63,55085.8,0.887,0.965,1.292,103.2,6.68,7.77,-130.5,27.151
,,,,,,,,,,,,,,,,,,,
MEAN VALUE:,,,,-0.16,761,-0.07,57581.7,55326.4,35962,36.63,55085.7,2.915,2.916,4.246,102.9,6.67,NA,-129.7,27.134
STANDARD DEVIATION:,,,,0,0,0,0,0,0,0,0,0,0,0,0,0,0,0,0
,,,,,,,,,,,,,,,,,,,
SENSOR SERIAL NUMBER:,,,,23F100933,23H102909,23F100933,23H100986,23H100986,23H100986,23H100986,23H100986,23E104117,23E104117,23E104117,23F100256,23F100256,23G102090,23G102090,23H100986
TIME (h:mm:ss tt),DATE (M/d/yyyy),SITE NAME,FAULT CODE,TAL PE RFU,BAROMETER MMHG,CHLOROPHYLL RFU,COND µS/CM,SPCOND µS/CM,TDS MG/L,SAL PSU,NLF COND µS/CM,DEPTH M,VERTICAL POSITION M,PRESSURE PSI A,ODO % SAT,ODO MG/L,PH,PH MV,TEMP °C
3:46:18 PM,02/12/2026,CN3,0,-0.16,761,-0.07,57581.7,55326.4,35962,36.63,55085.7,2.915,2.916,4.246,102.9,6.67,7.75,-129.7,27.134
,,,,,,,,,,,,,,,,,,,
MEAN VALUE:,,,,761,2.859,2.839,4.043,27.172,-0.01,0,,,,,,,,,
STANDARD DEVIATION:,,,,0,0,0,0,0,0,0,,,,,,,,,
,,,,,,,,,,,,,,,,,,,
SENSOR SERIAL NUMBER:,,,,23H102909,20A910384,20A910384,20A910384,20A910384,23H104038,23H104038,,,,,,,,,
TIME (h:mm:ss tt),DATE (M/d/yyyy),SITE NAME,FAULT CODE,BAROMETER MMHG,DEPTH M,VERTICAL POSITION M,PRESSURE PSI A,TEMP °C,TURBIDITY FNU,TSS MG/L,,,,,,,,,
3:45:29 PM,02/12/2026,CN3,0,761,2.859,2.839,4.043,27.172,-0.01,0,,,,,,,,,
,,,,,,,,,,,,,,,,,,,
MEAN VALUE:,,,,761,0.76,0.722,1.075,27.122,2.97,0,,,,,,,,,
STANDARD DEVIATION:,,,,0,0,0,0,0,0,0,,,,,,,,,
,,,,,,,,,,,,,,,,,,,
SENSOR SERIAL NUMBER:,,,,23H102909,20A910384,20A910384,20A910384,20A910384,23H104038,23H104038,,,,,,,,,
TIME (h:mm:ss tt),DATE (M/d/yyyy),SITE NAME,FAULT CODE,BAROMETER MMHG,DEPTH M,VERTICAL POSITION M,PRESSURE PSI A,TEMP °C,TURBIDITY FNU,TSS MG/L,,,,,,,,,
3:45:06 PM,02/12/2026,CN1,0,761,0.76,0.722,1.075,27.122,2.97,0,,,,,,,,,
,,,,,,,,,,,,,,,,,,,
MEAN VALUE:,,,,761,2.726,2.816,3.855,27.309,-0.2,0,,,,,,,,,
STANDARD DEVIATION:,,,,0,0,0,0,0,0,0,,,,,,,,,
,,,,,,,,,,,,,,,,,,,
SENSOR SERIAL NUMBER:,,,,23H102909,20A910384,20A910384,20A910384,20A910384,23H104038,23H104038,,,,,,,,,
TIME (h:mm:ss tt),DATE (M/d/yyyy),SITE NAME,FAULT CODE,BAROMETER MMHG,DEPTH M,VERTICAL POSITION M,PRESSURE PSI A,TEMP °C,TURBIDITY FNU,TSS MG/L,,,,,,,,,
3:39:00 PM,02/12/2026,CRS1,0,761,2.726,2.816,3.855,27.309,-0.2,0,,,,,,,,,
,,,,,,,,,,,,,,,,,,,
MEAN VALUE:,,,,761,2.625,2.583,3.712,27.302,0.94,0,,,,,,,,,
STANDARD DEVIATION:,,,,0,0,0,0,0,0,0,,,,,,,,,
,,,,,,,,,,,,,,,,,,,
SENSOR SERIAL NUMBER:,,,,23H102909,20A910384,20A910384,20A910384,20A910384,23H104038,23H104038,,,,,,,,,
TIME (h:mm:ss tt),DATE (M/d/yyyy),SITE NAME,FAULT CODE,BAROMETER MMHG,DEPTH M,VERTICAL POSITION M,PRESSURE PSI A,TEMP °C,TURBIDITY FNU,TSS MG/L,,,,,,,,,
3:38:26 PM,02/12/2026,CRS3,0,761,2.625,2.583,3.712,27.302,0.94,0,,,,,,,,,
,,,,,,,,,,,,,,,,,,,
MEAN VALUE:,,,,-0.28,761.1,-0.13,57721,55298.2,35944,36.6,55039.1,2.605,2.581,3.793,98.9,6.39,NA,-139.7,27.294
STANDARD DEVIATION:,,,,0,0,0,0,0,0,0,0,0,0,0,0,0,0,0,0
,,,,,,,,,,,,,,,,,,,
SENSOR SERIAL NUMBER:,,,,23F100933,23H102909,23F100933,23H100986,23H100986,23H100986,23H100986,23H100986,23E104117,23E104117,23E104117,23F100256,23F100256,23G102090,23G102090,23H100986
TIME (h:mm:ss tt),DATE (M/d/yyyy),SITE NAME,FAULT CODE,TAL PE RFU,BAROMETER MMHG,CHLOROPHYLL RFU,COND µS/CM,SPCOND µS/CM,TDS MG/L,SAL PSU,NLF COND µS/CM,DEPTH M,VERTICAL POSITION M,PRESSURE PSI A,ODO % SAT,ODO MG/L,PH,PH MV,TEMP °C
3:36:44 PM,02/12/2026,CRS3,0,-0.28,761.1,-0.13,57721,55298.2,35944,36.6,55039.1,2.605,2.581,3.793,98.9,6.39,7.94,-139.7,27.294
,,,,,,,,,,,,,,,,,,,
MEAN VALUE:,,,,-0.22,761.1,-0.12,57729.7,55300,35945,36.6,55040.1,0.763,0.726,1.111,99,6.4,NA,-136.3,27.3
STANDARD DEVIATION:,,,,0,0,0,0,0,0,0,0,0,0,0,0,0,0,0,0
,,,,,,,,,,,,,,,,,,,
SENSOR SERIAL NUMBER:,,,,23F100933,23H102909,23F100933,23H100986,23H100986,23H100986,23H100986,23H100986,23E104117,23E104117,23E104117,23F100256,23F100256,23G102090,23G102090,23H100986
TIME (h:mm:ss tt),DATE (M/d/yyyy),SITE NAME,FAULT CODE,TAL PE RFU,BAROMETER MMHG,CHLOROPHYLL RFU,COND µS/CM,SPCOND µS/CM,TDS MG/L,SAL PSU,NLF COND µS/CM,DEPTH M,VERTICAL POSITION M,PRESSURE PSI A,ODO % SAT,ODO MG/L,PH,PH MV,TEMP °C
3:36:21 PM,02/12/2026,CRS1,0,-0.22,761.1,-0.12,57729.7,55300,35945,36.6,55040.1,0.763,0.726,1.111,99,6.4,7.88,-136.3,27.3
,,,,,,,,,,,,,,,,,,,
MEAN VALUE:,,,,-0.16,762,-0.11,58054.6,55483.9,36065,36.74,55208.4,0.88,0.885,1.281,100.5,6.47,NA,-116.3,27.425
STANDARD DEVIATION:,,,,0,0,0,0,0,0,0,0,0,0,0,0,0,0,0,0
,,,,,,,,,,,,,,,,,,,
SENSOR SERIAL NUMBER:,,,,23F100933,23H102909,23F100933,23H100986,23H100986,23H100986,23H100986,23H100986,23E104117,23E104117,23E104117,23F100256,23F100256,23G102090,23G102090,23H100986
TIME (h:mm:ss tt),DATE (M/d/yyyy),SITE NAME,FAULT CODE,TAL PE RFU,BAROMETER MMHG,CHLOROPHYLL RFU,COND µS/CM,SPCOND µS/CM,TDS MG/L,SAL PSU,NLF COND µS/CM,DEPTH M,VERTICAL POSITION M,PRESSURE PSI A,ODO % SAT,ODO MG/L,PH,PH MV,TEMP °C
1:46:22 PM,02/12/2026,MRYC1,0,-0.16,762,-0.11,58054.6,55483.9,36065,36.74,55208.4,0.88,0.885,1.281,100.5,6.47,7.5,-116.3,27.425
,,,,,,,,,,,,,,,,,,,
MEAN VALUE:,,,,762,1.077,1.054,1.522,27.599,2.22,0,,,,,,,,,
STANDARD DEVIATION:,,,,0,0,0,0,0,0,0,,,,,,,,,
,,,,,,,,,,,,,,,,,,,
SENSOR SERIAL NUMBER:,,,,23H102909,20A910384,20A910384,20A910384,20A910384,23H104038,23H104038,,,,,,,,,
TIME (h:mm:ss tt),DATE (M/d/yyyy),SITE NAME,FAULT CODE,BAROMETER MMHG,DEPTH M,VERTICAL POSITION M,PRESSURE PSI A,TEMP °C,TURBIDITY FNU,TSS MG/L,,,,,,,,,
1:45:33 PM,02/12/2026,MRYC1,0,762,1.077,1.054,1.522,27.599,2.22,0,,,,,,,,,
,,,,,,,,,,,,,,,,,,,
MEAN VALUE:,,,,762,0.989,1.134,1.398,27.289,0.4,0,,,,,,,,,
STANDARD DEVIATION:,,,,0,0,0,0,0,0,0,,,,,,,,,
,,,,,,,,,,,,,,,,,,,
SENSOR SERIAL NUMBER:,,,,23H102909,20A910384,20A910384,20A910384,20A910384,23H104038,23H104038,,,,,,,,,
TIME (h:mm:ss tt),DATE (M/d/yyyy),SITE NAME,FAULT CODE,BAROMETER MMHG,DEPTH M,VERTICAL POSITION M,PRESSURE PSI A,TEMP °C,TURBIDITY FNU,TSS MG/L,,,,,,,,,
1:34:26 PM,02/12/2026,LDB1,0,762,0.989,1.134,1.398,27.289,0.4,0,,,,,,,,,
,,,,,,,,,,,,,,,,,,,
MEAN VALUE:,,,,762.1,2.93,2.912,4.144,27.249,0.4,0,,,,,,,,,
STANDARD DEVIATION:,,,,0,0,0,0,0,0,0,,,,,,,,,
,,,,,,,,,,,,,,,,,,,
SENSOR SERIAL NUMBER:,,,,23H102909,20A910384,20A910384,20A910384,20A910384,23H104038,23H104038,,,,,,,,,
TIME (h:mm:ss tt),DATE (M/d/yyyy),SITE NAME,FAULT CODE,BAROMETER MMHG,DEPTH M,VERTICAL POSITION M,PRESSURE PSI A,TEMP °C,TURBIDITY FNU,TSS MG/L,,,,,,,,,
1:34:16 PM,02/12/2026,LDB3,0,762.1,2.93,2.912,4.144,27.249,0.4,0,,,,,,,,,
,,,,,,,,,,,,,,,,,,,
MEAN VALUE:,,,,-0.32,762.1,-0.12,57656.2,55373.7,35993,36.66,55130,2.905,2.936,4.231,103.7,6.71,NA,-126.3,27.156
STANDARD DEVIATION:,,,,0,0,0,0,0,0,0,0,0,0,0,0,0,0,0,0
,,,,,,,,,,,,,,,,,,,
SENSOR SERIAL NUMBER:,,,,23F100933,23H102909,23F100933,23H100986,23H100986,23H100986,23H100986,23H100986,23E104117,23E104117,23E104117,23F100256,23F100256,23G102090,23G102090,23H100986
TIME (h:mm:ss tt),DATE (M/d/yyyy),SITE NAME,FAULT CODE,TAL PE RFU,BAROMETER MMHG,CHLOROPHYLL RFU,COND µS/CM,SPCOND µS/CM,TDS MG/L,SAL PSU,NLF COND µS/CM,DEPTH M,VERTICAL POSITION M,PRESSURE PSI A,ODO % SAT,ODO MG/L,PH,PH MV,TEMP °C
1:33:31 PM,02/12/2026,LDB3,0,-0.32,762.1,-0.12,57656.2,55373.7,35993,36.66,55130,2.905,2.936,4.231,103.7,6.71,7.69,-126.3,27.156
,,,,,,,,,,,,,,,,,,,
MEAN VALUE:,,,,-0.4,762.1,-0.12,57674.1,55283.1,35934,36.59,55027.4,0.055,0.58,0.079,103.4,6.68,NA,-126.1,27.266
STANDARD DEVIATION:,,,,0,0,0,0,0,0,0,0,0,0,0,0,0,0,0,0
,,,,,,,,,,,,,,,,,,,
SENSOR SERIAL NUMBER:,,,,23F100933,23H102909,23F100933,23H100986,23H100986,23H100986,23H100986,23H100986,23E104117,23E104117,23E104117,23F100256,23F100256,23G102090,23G102090,23H100986
TIME (h:mm:ss tt),DATE (M/d/yyyy),SITE NAME,FAULT CODE,TAL PE RFU,BAROMETER MMHG,CHLOROPHYLL RFU,COND µS/CM,SPCOND µS/CM,TDS MG/L,SAL PSU,NLF COND µS/CM,DEPTH M,VERTICAL POSITION M,PRESSURE PSI A,ODO % SAT,ODO MG/L,PH,PH MV,TEMP °C
1:33:20 PM,02/12/2026,LDB1,0,-0.4,762.1,-0.12,57674.1,55283.1,35934,36.59,55027.4,0.055,0.58,0.079,103.4,6.68,7.68,-126.1,27.266
,,,,,,,,,,,,,,,,,,,
MEAN VALUE:,,,,-0.31,762.1,-0.14,57708,55415.4,36020,36.69,55170.6,2.804,2.906,4.084,100.7,6.51,NA,-119.9,27.165
STANDARD DEVIATION:,,,,0,0,0,0,0,0,0,0,0,0,0,0,0,0,0,0
,,,,,,,,,,,,,,,,,,,
SENSOR SERIAL NUMBER:,,,,23F100933,23H102909,23F100933,23H100986,23H100986,23H100986,23H100986,23H100986,23E104117,23E104117,23E104117,23F100256,23F100256,23G102090,23G102090,23H100986
TIME (h:mm:ss tt),DATE (M/d/yyyy),SITE NAME,FAULT CODE,TAL PE RFU,BAROMETER MMHG,CHLOROPHYLL RFU,COND µS/CM,SPCOND µS/CM,TDS MG/L,SAL PSU,NLF COND µS/CM,DEPTH M,VERTICAL POSITION M,PRESSURE PSI A,ODO % SAT,ODO MG/L,PH,PH MV,TEMP °C
1:31:42 PM,02/12/2026,BDB3,0,-0.31,762.1,-0.14,57708,55415.4,36020,36.69,55170.6,2.804,2.906,4.084,100.7,6.51,7.56,-119.9,27.165
,,,,,,,,,,,,,,,,,,,
MEAN VALUE:,,,,-0.31,762.1,-0.13,57795.1,55416,36020,36.69,55161.7,1.169,1.185,1.702,102.2,6.6,NA,-118.6,27.248
STANDARD DEVIATION:,,,,0,0,0,0,0,0,0,0,0,0,0,0,0,0,0,0
,,,,,,,,,,,,,,,,,,,
SENSOR SERIAL NUMBER:,,,,23F100933,23H102909,23F100933,23H100986,23H100986,23H100986,23H100986,23H100986,23E104117,23E104117,23E104117,23F100256,23F100256,23G102090,23G102090,23H100986
TIME (h:mm:ss tt),DATE (M/d/yyyy),SITE NAME,FAULT CODE,TAL PE RFU,BAROMETER MMHG,CHLOROPHYLL RFU,COND µS/CM,SPCOND µS/CM,TDS MG/L,SAL PSU,NLF COND µS/CM,DEPTH M,VERTICAL POSITION M,PRESSURE PSI A,ODO % SAT,ODO MG/L,PH,PH MV,TEMP °C
1:31:30 PM,02/12/2026,BDB1,0,-0.31,762.1,-0.13,57795.1,55416,36020,36.69,55161.7,1.169,1.185,1.702,102.2,6.6,7.54,-118.6,27.248
,,,,,,,,,,,,,,,,,,,
MEAN VALUE:,,,,762.1,1.269,1.24,1.795,27.195,0.2,0,,,,,,,,,
STANDARD DEVIATION:,,,,0,0,0,0,0,0,0,,,,,,,,,
,,,,,,,,,,,,,,,,,,,
SENSOR SERIAL NUMBER:,,,,23H102909,20A910384,20A910384,20A910384,20A910384,23H104038,23H104038,,,,,,,,,
TIME (h:mm:ss tt),DATE (M/d/yyyy),SITE NAME,FAULT CODE,BAROMETER MMHG,DEPTH M,VERTICAL POSITION M,PRESSURE PSI A,TEMP °C,TURBIDITY FNU,TSS MG/L,,,,,,,,,
1:30:52 PM,02/12/2026,BDB1,0,762.1,1.269,1.24,1.795,27.195,0.2,0,,,,,,,,,
,,,,,,,,,,,,,,,,,,,
MEAN VALUE:,,,,762.2,2.927,2.998,4.139,27.209,0.17,0,,,,,,,,,
STANDARD DEVIATION:,,,,0,0,0,0,0,0,0,,,,,,,,,
,,,,,,,,,,,,,,,,,,,
SENSOR SERIAL NUMBER:,,,,23H102909,20A910384,20A910384,20A910384,20A910384,23H104038,23H104038,,,,,,,,,
TIME (h:mm:ss tt),DATE (M/d/yyyy),SITE NAME,FAULT CODE,BAROMETER MMHG,DEPTH M,VERTICAL POSITION M,PRESSURE PSI A,TEMP °C,TURBIDITY FNU,TSS MG/L,,,,,,,,,
1:30:39 PM,02/12/2026,BDB3,0,762.2,2.927,2.998,4.139,27.209,0.17,0,,,,,,,,,
,,,,,,,,,,,,,,,,,,,
MEAN VALUE:,,,,762.1,1.1,1.204,1.555,27.465,2.24,0,,,,,,,,,
STANDARD DEVIATION:,,,,0,0,0,0,0,0,0,,,,,,,,,
,,,,,,,,,,,,,,,,,,,
SENSOR SERIAL NUMBER:,,,,23H102909,20A910384,20A910384,20A910384,20A910384,23H104038,23H104038,,,,,,,,,
TIME (h:mm:ss tt),DATE (M/d/yyyy),SITE NAME,FAULT CODE,BAROMETER MMHG,DEPTH M,VERTICAL POSITION M,PRESSURE PSI A,TEMP °C,TURBIDITY FNU,TSS MG/L,,,,,,,,,
1:30:27 PM,02/12/2026,BDB1,0,762.1,1.1,1.204,1.555,27.465,2.24,0,,,,,,,,,
,,,,,,,,,,,,,,,,,,,
MEAN VALUE:,,,,762,1.34,1.557,1.895,27.066,0.1,0,,,,,,,,,
STANDARD DEVIATION:,,,,0,0,0,0,0,0,0,,,,,,,,,
,,,,,,,,,,,,,,,,,,,
SENSOR SERIAL NUMBER:,,,,23H102909,20A910384,20A910384,20A910384,20A910384,23H104038,23H104038,,,,,,,,,
TIME (h:mm:ss tt),DATE (M/d/yyyy),SITE NAME,FAULT CODE,BAROMETER MMHG,DEPTH M,VERTICAL POSITION M,PRESSURE PSI A,TEMP °C,TURBIDITY FNU,TSS MG/L,,,,,,,,,
1:28:41 PM,02/12/2026,YIN1,0,762,1.34,1.557,1.895,27.066,0.1,0,,,,,,,,,
,,,,,,,,,,,,,,,,,,,
MEAN VALUE:,,,,762.2,2.953,2.999,4.176,27.132,0.12,0,,,,,,,,,
STANDARD DEVIATION:,,,,0,0,0,0,0,0,0,,,,,,,,,
,,,,,,,,,,,,,,,,,,,
SENSOR SERIAL NUMBER:,,,,23H102909,20A910384,20A910384,20A910384,20A910384,23H104038,23H104038,,,,,,,,,
TIME (h:mm:ss tt),DATE (M/d/yyyy),SITE NAME,FAULT CODE,BAROMETER MMHG,DEPTH M,VERTICAL POSITION M,PRESSURE PSI A,TEMP °C,TURBIDITY FNU,TSS MG/L,,,,,,,,,
1:28:29 PM,02/12/2026,YIN3,0,762.2,2.953,2.999,4.176,27.132,0.12,0,,,,,,,,,
,,,,,,,,,,,,,,,,,,,
MEAN VALUE:,,,,-0.32,762.1,-0.15,57527.3,55401.8,36011,36.69,55175.5,2.859,2.846,4.164,98.6,6.4,NA,-124.9,27.009
STANDARD DEVIATION:,,,,0,0,0,0,0,0,0,0,0,0,0,0,0,0,0,0
,,,,,,,,,,,,,,,,,,,
SENSOR SERIAL NUMBER:,,,,23F100933,23H102909,23F100933,23H100986,23H100986,23H100986,23H100986,23H100986,23E104117,23E104117,23E104117,23F100256,23F100256,23G102090,23G102090,23H100986
TIME (h:mm:ss tt),DATE (M/d/yyyy),SITE NAME,FAULT CODE,TAL PE RFU,BAROMETER MMHG,CHLOROPHYLL RFU,COND µS/CM,SPCOND µS/CM,TDS MG/L,SAL PSU,NLF COND µS/CM,DEPTH M,VERTICAL POSITION M,PRESSURE PSI A,ODO % SAT,ODO MG/L,PH,PH MV,TEMP °C
1:27:25 PM,02/12/2026,YIN3,0,-0.32,762.1,-0.15,57527.3,55401.8,36011,36.69,55175.5,2.859,2.846,4.164,98.6,6.4,7.66,-124.9,27.009
,,,,,,,,,,,,,,,,,,,
MEAN VALUE:,,,,-0.36,762.2,-0.12,57577.5,55398.4,36009,36.68,55166.1,1.119,1.161,1.63,101,6.54,NA,-124.9,27.059
STANDARD DEVIATION:,,,,0,0,0,0,0,0,0,0,0,0,0,0,0,0,0,0
,,,,,,,,,,,,,,,,,,,
SENSOR SERIAL NUMBER:,,,,23F100933,23H102909,23F100933,23H100986,23H100986,23H100986,23H100986,23H100986,23E104117,23E104117,23E104117,23F100256,23F100256,23G102090,23G102090,23H100986
TIME (h:mm:ss tt),DATE (M/d/yyyy),SITE NAME,FAULT CODE,TAL PE RFU,BAROMETER MMHG,CHLOROPHYLL RFU,COND µS/CM,SPCOND µS/CM,TDS MG/L,SAL PSU,NLF COND µS/CM,DEPTH M,VERTICAL POSITION M,PRESSURE PSI A,ODO % SAT,ODO MG/L,PH,PH MV,TEMP °C
1:27:12 PM,02/12/2026,YIN1,0,-0.36,762.2,-0.12,57577.5,55398.4,36009,36.68,55166.1,1.119,1.161,1.63,101,6.54,7.66,-124.9,27.059
,,,,,,,,,,,,,,,,,,,
MEAN VALUE:,,,,-0.29,762.3,-0.14,57489.4,55360,35984,36.66,55133.2,0.805,0.967,1.172,101,6.55,NA,-117.8,27.014
STANDARD DEVIATION:,,,,0,0,0,0,0,0,0,0,0,0,0,0,0,0,0,0
,,,,,,,,,,,,,,,,,,,
SENSOR SERIAL NUMBER:,,,,23F100933,23H102909,23F100933,23H100986,23H100986,23H100986,23H100986,23H100986,23E104117,23E104117,23E104117,23F100256,23F100256,23G102090,23G102090,23H100986
TIME (h:mm:ss tt),DATE (M/d/yyyy),SITE NAME,FAULT CODE,TAL PE RFU,BAROMETER MMHG,CHLOROPHYLL RFU,COND µS/CM,SPCOND µS/CM,TDS MG/L,SAL PSU,NLF COND µS/CM,DEPTH M,VERTICAL POSITION M,PRESSURE PSI A,ODO % SAT,ODO MG/L,PH,PH MV,TEMP °C
1:23:01 PM,02/12/2026,FHB1,0,-0.29,762.3,-0.14,57489.4,55360,35984,36.66,55133.2,0.805,0.967,1.172,101,6.55,7.52,-117.8,27.014
,,,,,,,,,,,,,,,,,,,
MEAN VALUE:,,,,-0.26,762.3,-0.14,57467.7,55366.4,35988,36.66,55142.6,2.726,2.73,3.97,101.4,6.58,NA,-115.8,26.987
STANDARD DEVIATION:,,,,0,0,0,0,0,0,0,0,0,0,0,0,0,0,0,0
,,,,,,,,,,,,,,,,,,,
SENSOR SERIAL NUMBER:,,,,23F100933,23H102909,23F100933,23H100986,23H100986,23H100986,23H100986,23H100986,23E104117,23E104117,23E104117,23F100256,23F100256,23G102090,23G102090,23H100986
TIME (h:mm:ss tt),DATE (M/d/yyyy),SITE NAME,FAULT CODE,TAL PE RFU,BAROMETER MMHG,CHLOROPHYLL RFU,COND µS/CM,SPCOND µS/CM,TDS MG/L,SAL PSU,NLF COND µS/CM,DEPTH M,VERTICAL POSITION M,PRESSURE PSI A,ODO % SAT,ODO MG/L,PH,PH MV,TEMP °C
1:22:49 PM,02/12/2026,FHB3,0,-0.26,762.3,-0.14,57467.7,55366.4,35988,36.66,55142.6,2.726,2.73,3.97,101.4,6.58,7.49,-115.8,26.987
,,,,,,,,,,,,,,,,,,,
MEAN VALUE:,,,,762.2,1.219,1.231,1.724,27.069,1.85,0,,,,,,,,,
STANDARD DEVIATION:,,,,0,0,0,0,0,0,0,,,,,,,,,
,,,,,,,,,,,,,,,,,,,
SENSOR SERIAL NUMBER:,,,,23H102909,20A910384,20A910384,20A910384,20A910384,23H104038,23H104038,,,,,,,,,
TIME (h:mm:ss tt),DATE (M/d/yyyy),SITE NAME,FAULT CODE,BAROMETER MMHG,DEPTH M,VERTICAL POSITION M,PRESSURE PSI A,TEMP °C,TURBIDITY FNU,TSS MG/L,,,,,,,,,
1:21:40 PM,02/12/2026,FHB1,0,762.2,1.219,1.231,1.724,27.069,1.85,0,,,,,,,,,
,,,,,,,,,,,,,,,,,,,
MEAN VALUE:,,,,762.3,0.956,0.95,1.352,27.993,1.71,0,,,,,,,,,
STANDARD DEVIATION:,,,,0,0,0,0,0,0,0,,,,,,,,,
,,,,,,,,,,,,,,,,,,,
SENSOR SERIAL NUMBER:,,,,23H102909,20A910384,20A910384,20A910384,20A910384,23H104038,23H104038,,,,,,,,,
TIME (h:mm:ss tt),DATE (M/d/yyyy),SITE NAME,FAULT CODE,BAROMETER MMHG,DEPTH M,VERTICAL POSITION M,PRESSURE PSI A,TEMP °C,TURBIDITY FNU,TSS MG/L,,,,,,,,,
1:14:30 PM,02/12/2026,MRCH1,0,762.3,0.956,0.95,1.352,27.993,1.71,0,,,,,,,,,
,,,,,,,,,,,,,,,,,,,
MEAN VALUE:,,,,-0.09,762.3,-0.1,58137.9,55114,35824,36.45,54787.8,1.085,1.06,1.58,105.6,6.76,NA,-123.1,27.868
STANDARD DEVIATION:,,,,0,0,0,0,0,0,0,0,0,0,0,0,0,0,0,0
,,,,,,,,,,,,,,,,,,,
SENSOR SERIAL NUMBER:,,,,23F100933,23H102909,23F100933,23H100986,23H100986,23H100986,23H100986,23H100986,23E104117,23E104117,23E104117,23F100256,23F100256,23G102090,23G102090,23H100986
TIME (h:mm:ss tt),DATE (M/d/yyyy),SITE NAME,FAULT CODE,TAL PE RFU,BAROMETER MMHG,CHLOROPHYLL RFU,COND µS/CM,SPCOND µS/CM,TDS MG/L,SAL PSU,NLF COND µS/CM,DEPTH M,VERTICAL POSITION M,PRESSURE PSI A,ODO % SAT,ODO MG/L,PH,PH MV,TEMP °C
1:13:49 PM,02/12/2026,MRCH1,0,-0.09,762.3,-0.1,58137.9,55114,35824,36.45,54787.8,1.085,1.06,1.58,105.6,6.76,7.62,-123.1,27.868
,,,,,,,,,,,,,,,,,,,
MEAN VALUE:,,,,-0.36,762.3,-0.1,57626.1,55330,35965,36.63,55084.9,0.896,0.9,1.304,106.4,6.88,NA,-118.9,27.173
STANDARD DEVIATION:,,,,0,0,0,0,0,0,0,0,0,0,0,0,0,0,0,0
,,,,,,,,,,,,,,,,,,,
SENSOR SERIAL NUMBER:,,,,23F100933,23H102909,23F100933,23H100986,23H100986,23H100986,23H100986,23H100986,23E104117,23E104117,23E104117,23F100256,23F100256,23G102090,23G102090,23H100986
TIME (h:mm:ss tt),DATE (M/d/yyyy),SITE NAME,FAULT CODE,TAL PE RFU,BAROMETER MMHG,CHLOROPHYLL RFU,COND µS/CM,SPCOND µS/CM,TDS MG/L,SAL PSU,NLF COND µS/CM,DEPTH M,VERTICAL POSITION M,PRESSURE PSI A,ODO % SAT,ODO MG/L,PH,PH MV,TEMP °C
1:10:49 PM,02/12/2026,DB1,0,-0.36,762.3,-0.1,57626.1,55330,35965,36.63,55084.9,0.896,0.9,1.304,106.4,6.88,7.55,-118.9,27.173
,,,,,,,,,,,,,,,,,,,
MEAN VALUE:,,,,762.3,0.825,0.827,1.166,27.232,1.12,0,,,,,,,,,
STANDARD DEVIATION:,,,,0,0,0,0,0,0,0,,,,,,,,,
,,,,,,,,,,,,,,,,,,,
SENSOR SERIAL NUMBER:,,,,23H102909,20A910384,20A910384,20A910384,20A910384,23H104038,23H104038,,,,,,,,,
TIME (h:mm:ss tt),DATE (M/d/yyyy),SITE NAME,FAULT CODE,BAROMETER MMHG,DEPTH M,VERTICAL POSITION M,PRESSURE PSI A,TEMP °C,TURBIDITY FNU,TSS MG/L,,,,,,,,,
1:10:07 PM,02/12/2026,DB1,0,762.3,0.825,0.827,1.166,27.232,1.12,0,,,,,,,,,
,,,,,,,,,,,,,,,,,,,
MEAN VALUE:,,,,762.4,0.864,0.877,1.222,27.187,3.35,0,,,,,,,,,
STANDARD DEVIATION:,,,,0,0,0,0,0,0,0,,,,,,,,,
,,,,,,,,,,,,,,,,,,,
SENSOR SERIAL NUMBER:,,,,23H102909,20A910384,20A910384,20A910384,20A910384,23H104038,23H104038,,,,,,,,,
TIME (h:mm:ss tt),DATE (M/d/yyyy),SITE NAME,FAULT CODE,BAROMETER MMHG,DEPTH M,VERTICAL POSITION M,PRESSURE PSI A,TEMP °C,TURBIDITY FNU,TSS MG/L,,,,,,,,,
1:09:57 PM,02/12/2026,EBB1,0,762.4,0.864,0.877,1.222,27.187,3.35,0,,,,,,,,,
,,,,,,,,,,,,,,,,,,,
MEAN VALUE:,,,,762.3,1.064,1.063,1.504,27.077,0.38,0,,,,,,,,,
STANDARD DEVIATION:,,,,0,0,0,0,0,0,0,,,,,,,,,
,,,,,,,,,,,,,,,,,,,
SENSOR SERIAL NUMBER:,,,,23H102909,20A910384,20A910384,20A910384,20A910384,23H104038,23H104038,,,,,,,,,
TIME (h:mm:ss tt),DATE (M/d/yyyy),SITE NAME,FAULT CODE,BAROMETER MMHG,DEPTH M,VERTICAL POSITION M,PRESSURE PSI A,TEMP °C,TURBIDITY FNU,TSS MG/L,,,,,,,,,
1:07:46 PM,02/12/2026,EBB1,0,762.3,1.064,1.063,1.504,27.077,0.38,0,,,,,,,,,
,,,,,,,,,,,,,,,,,,,
MEAN VALUE:,,,,762.3,2.597,2.703,3.672,27.041,0.43,0,,,,,,,,,
STANDARD DEVIATION:,,,,0,0,0,0,0,0,0,,,,,,,,,
,,,,,,,,,,,,,,,,,,,
SENSOR SERIAL NUMBER:,,,,23H102909,20A910384,20A910384,20A910384,20A910384,23H104038,23H104038,,,,,,,,,
TIME (h:mm:ss tt),DATE (M/d/yyyy),SITE NAME,FAULT CODE,BAROMETER MMHG,DEPTH M,VERTICAL POSITION M,PRESSURE PSI A,TEMP °C,TURBIDITY FNU,TSS MG/L,,,,,,,,,
1:07:34 PM,02/12/2026,EBB3,0,762.3,2.597,2.703,3.672,27.041,0.43,0,,,,,,,,,
,,,,,,,,,,,,,,,,,,,
MEAN VALUE:,,,,-0.28,762.3,-0.12,57485.3,55352.4,35979,36.65,55125.2,2.641,2.658,3.846,100.4,6.51,NA,-120.4,27.017
STANDARD DEVIATION:,,,,0,0,0,0,0,0,0,0,0,0,0,0,0,0,0,0
,,,,,,,,,,,,,,,,,,,
SENSOR SERIAL NUMBER:,,,,23F100933,23H102909,23F100933,23H100986,23H100986,23H100986,23H100986,23H100986,23E104117,23E104117,23E104117,23F100256,23F100256,23G102090,23G102090,23H100986
TIME (h:mm:ss tt),DATE (M/d/yyyy),SITE NAME,FAULT CODE,TAL PE RFU,BAROMETER MMHG,CHLOROPHYLL RFU,COND µS/CM,SPCOND µS/CM,TDS MG/L,SAL PSU,NLF COND µS/CM,DEPTH M,VERTICAL POSITION M,PRESSURE PSI A,ODO % SAT,ODO MG/L,PH,PH MV,TEMP °C
1:06:24 PM,02/12/2026,EBB3,0,-0.28,762.3,-0.12,57485.3,55352.4,35979,36.65,55125.2,2.641,2.658,3.846,100.4,6.51,7.58,-120.4,27.017
,,,,,,,,,,,,,,,,,,,
MEAN VALUE:,,,,-0.16,762.3,0.15,57468.2,55334.5,35967,36.64,55107.2,1.077,1.08,1.568,100.6,6.53,NA,-119.2,27.019
STANDARD DEVIATION:,,,,0,0,0,0,0,0,0,0,0,0,0,0,0,0,0,0
,,,,,,,,,,,,,,,,,,,
SENSOR SERIAL NUMBER:,,,,23F100933,23H102909,23F100933,23H100986,23H100986,23H100986,23H100986,23H100986,23E104117,23E104117,23E104117,23F100256,23F100256,23G102090,23G102090,23H100986
TIME (h:mm:ss tt),DATE (M/d/yyyy),SITE NAME,FAULT CODE,TAL PE RFU,BAROMETER MMHG,CHLOROPHYLL RFU,COND µS/CM,SPCOND µS/CM,TDS MG/L,SAL PSU,NLF COND µS/CM,DEPTH M,VERTICAL POSITION M,PRESSURE PSI A,ODO % SAT,ODO MG/L,PH,PH MV,TEMP °C
1:06:14 PM,02/12/2026,EBB1,0,-0.16,762.3,0.15,57468.2,55334.5,35967,36.64,55107.2,1.077,1.08,1.568,100.6,6.53,7.55,-119.2,27.019
,,,,,,,,,,,,,,,,,,,
MEAN VALUE:,,,,-0.37,762.3,-0.11,57449.3,55335.4,35968,36.64,55110.3,1.002,1.047,1.459,98.7,6.41,NA,-119,27
STANDARD DEVIATION:,,,,0,0,0,0,0,0,0,0,0,0,0,0,0,0,0,0
,,,,,,,,,,,,,,,,,,,
SENSOR SERIAL NUMBER:,,,,23F100933,23H102909,23F100933,23H100986,23H100986,23H100986,23H100986,23H100986,23E104117,23E104117,23E104117,23F100256,23F100256,23G102090,23G102090,23H100986
TIME (h:mm:ss tt),DATE (M/d/yyyy),SITE NAME,FAULT CODE,TAL PE RFU,BAROMETER MMHG,CHLOROPHYLL RFU,COND µS/CM,SPCOND µS/CM,TDS MG/L,SAL PSU,NLF COND µS/CM,DEPTH M,VERTICAL POSITION M,PRESSURE PSI A,ODO % SAT,ODO MG/L,PH,PH MV,TEMP °C
1:01:22 PM,02/12/2026,YIC1,0,-0.37,762.3,-0.11,57449.3,55335.4,35968,36.64,55110.3,1.002,1.047,1.459,98.7,6.41,7.55,-119,27
,,,,,,,,,,,,,,,,,,,
MEAN VALUE:,,,,0.02,762.6,-0.12,57446.1,55484.1,36065,36.75,55275.6,2.94,3.023,4.282,100.3,6.52,NA,-117.6,26.851
STANDARD DEVIATION:,,,,0,0,0,0,0,0,0,0,0,0,0,0,0,0,0,0
,,,,,,,,,,,,,,,,,,,
SENSOR SERIAL NUMBER:,,,,23F100933,23H102909,23F100933,23H100986,23H100986,23H100986,23H100986,23H100986,23E104117,23E104117,23E104117,23F100256,23F100256,23G102090,23G102090,23H100986
TIME (h:mm:ss tt),DATE (M/d/yyyy),SITE NAME,FAULT CODE,TAL PE RFU,BAROMETER MMHG,CHLOROPHYLL RFU,COND µS/CM,SPCOND µS/CM,TDS MG/L,SAL PSU,NLF COND µS/CM,DEPTH M,VERTICAL POSITION M,PRESSURE PSI A,ODO % SAT,ODO MG/L,PH,PH MV,TEMP °C
1:01:11 PM,02/12/2026,YIC3,0,0.02,762.6,-0.12,57446.1,55484.1,36065,36.75,55275.6,2.94,3.023,4.282,100.3,6.52,7.52,-117.6,26.851
,,,,,,,,,,,,,,,,,,,
MEAN VALUE:,,,,762.4,2.65,2.933,3.747,27.037,1.46,0,,,,,,,,,
STANDARD DEVIATION:,,,,0,0,0,0,0,0,0,,,,,,,,,
,,,,,,,,,,,,,,,,,,,
SENSOR SERIAL NUMBER:,,,,23H102909,20A910384,20A910384,20A910384,20A910384,23H104038,23H104038,,,,,,,,,
TIME (h:mm:ss tt),DATE (M/d/yyyy),SITE NAME,FAULT CODE,BAROMETER MMHG,DEPTH M,VERTICAL POSITION M,PRESSURE PSI A,TEMP °C,TURBIDITY FNU,TSS MG/L,,,,,,,,,
1:00:17 PM,02/12/2026,YIC3,0,762.4,2.65,2.933,3.747,27.037,1.46,0,,,,,,,,,
,,,,,,,,,,,,,,,,,,,
MEAN VALUE:,,,,762.3,1.179,1.429,1.668,26.494,1.25,0,,,,,,,,,
STANDARD DEVIATION:,,,,0,0,0,0,0,0,0,,,,,,,,,
,,,,,,,,,,,,,,,,,,,
SENSOR SERIAL NUMBER:,,,,23H102909,20A910384,20A910384,20A910384,20A910384,23H104038,23H104038,,,,,,,,,
TIME (h:mm:ss tt),DATE (M/d/yyyy),SITE NAME,FAULT CODE,BAROMETER MMHG,DEPTH M,VERTICAL POSITION M,PRESSURE PSI A,TEMP °C,TURBIDITY FNU,TSS MG/L,,,,,,,,,
12:59:49 PM,02/12/2026,YIC1,0,762.3,1.179,1.429,1.668,26.494,1.25,0,,,,,,,,,
,,,,,,,,,,,,,,,,,,,
MEAN VALUE:,,,,762.4,1.122,1.234,1.586,27.076,0.28,0,,,,,,,,,
STANDARD DEVIATION:,,,,0,0,0,0,0,0,0,,,,,,,,,
,,,,,,,,,,,,,,,,,,,
SENSOR SERIAL NUMBER:,,,,23H102909,20A910384,20A910384,20A910384,20A910384,23H104038,23H104038,,,,,,,,,
TIME (h:mm:ss tt),DATE (M/d/yyyy),SITE NAME,FAULT CODE,BAROMETER MMHG,DEPTH M,VERTICAL POSITION M,PRESSURE PSI A,TEMP °C,TURBIDITY FNU,TSS MG/L,,,,,,,,,
12:56:11 PM,02/12/2026,GIC1,0,762.4,1.122,1.234,1.586,27.076,0.28,0,,,,,,,,,
,,,,,,,,,,,,,,,,,,,
MEAN VALUE:,,,,762.5,2.702,2.636,3.822,26.933,0.11,0,,,,,,,,,
STANDARD DEVIATION:,,,,0,0,0,0,0,0,0,,,,,,,,,
,,,,,,,,,,,,,,,,,,,
SENSOR SERIAL NUMBER:,,,,23H102909,20A910384,20A910384,20A910384,20A910384,23H104038,23H104038,,,,,,,,,
TIME (h:mm:ss tt),DATE (M/d/yyyy),SITE NAME,FAULT CODE,BAROMETER MMHG,DEPTH M,VERTICAL POSITION M,PRESSURE PSI A,TEMP °C,TURBIDITY FNU,TSS MG/L,,,,,,,,,
12:55:55 PM,02/12/2026,GIC3,0,762.5,2.702,2.636,3.822,26.933,0.11,0,,,,,,,,,
,,,,,,,,,,,,,,,,,,,
MEAN VALUE:,,,,-0.06,762.4,-0.12,57480.9,55332.6,35966,36.64,55103.7,3.156,3.19,4.595,105.5,6.84,NA,-124.9,27.033
STANDARD DEVIATION:,,,,0,0,0,0,0,0,0,0,0,0,0,0,0,0,0,0
,,,,,,,,,,,,,,,,,,,
SENSOR SERIAL NUMBER:,,,,23F100933,23H102909,23F100933,23H100986,23H100986,23H100986,23H100986,23H100986,23E104117,23E104117,23E104117,23F100256,23F100256,23G102090,23G102090,23H100986
TIME (h:mm:ss tt),DATE (M/d/yyyy),SITE NAME,FAULT CODE,TAL PE RFU,BAROMETER MMHG,CHLOROPHYLL RFU,COND µS/CM,SPCOND µS/CM,TDS MG/L,SAL PSU,NLF COND µS/CM,DEPTH M,VERTICAL POSITION M,PRESSURE PSI A,ODO % SAT,ODO MG/L,PH,PH MV,TEMP °C
12:54:48 PM,02/12/2026,GIC3,0,-0.06,762.4,-0.12,57480.9,55332.6,35966,36.64,55103.7,3.156,3.19,4.595,105.5,6.84,7.66,-124.9,27.033
,,,,,,,,,,,,,,,,,,,
MEAN VALUE:,,,,0.51,762.5,0.39,57478.6,55955.2,36371,37.12,55794.4,1.008,1.036,1.469,105,6.87,NA,-123.8,26.438
STANDARD DEVIATION:,,,,0,0,0,0,0,0,0,0,0,0,0,0,0,0,0,0
,,,,,,,,,,,,,,,,,,,
SENSOR SERIAL NUMBER:,,,,23F100933,23H102909,23F100933,23H100986,23H100986,23H100986,23H100986,23H100986,23E104117,23E104117,23E104117,23F100256,23F100256,23G102090,23G102090,23H100986
TIME (h:mm:ss tt),DATE (M/d/yyyy),SITE NAME,FAULT CODE,TAL PE RFU,BAROMETER MMHG,CHLOROPHYLL RFU,COND µS/CM,SPCOND µS/CM,TDS MG/L,SAL PSU,NLF COND µS/CM,DEPTH M,VERTICAL POSITION M,PRESSURE PSI A,ODO % SAT,ODO MG/L,PH,PH MV,TEMP °C
12:54:37 PM,02/12/2026,GIC1,0,0.51,762.5,0.39,57478.6,55955.2,36371,37.12,55794.4,1.008,1.036,1.469,105,6.87,7.64,-123.8,26.438
,,,,,,,,,,,,,,,,,,,
MEAN VALUE:,,,,-0.32,762.7,-0.12,57475.7,55340.4,35971,36.64,55112.9,0.985,1.005,1.435,98.7,6.4,NA,-118.7,27.02
STANDARD DEVIATION:,,,,0,0,0,0,0,0,0,0,0,0,0,0,0,0,0,0
,,,,,,,,,,,,,,,,,,,
SENSOR SERIAL NUMBER:,,,,23F100933,23H102909,23F100933,23H100986,23H100986,23H100986,23H100986,23H100986,23E104117,23E104117,23E104117,23F100256,23F100256,23G102090,23G102090,23H100986
TIME (h:mm:ss tt),DATE (M/d/yyyy),SITE NAME,FAULT CODE,TAL PE RFU,BAROMETER MMHG,CHLOROPHYLL RFU,COND µS/CM,SPCOND µS/CM,TDS MG/L,SAL PSU,NLF COND µS/CM,DEPTH M,VERTICAL POSITION M,PRESSURE PSI A,ODO % SAT,ODO MG/L,PH,PH MV,TEMP °C
12:51:33 PM,02/12/2026,TPBN1,0,-0.32,762.7,-0.12,57475.7,55340.4,35971,36.64,55112.9,0.985,1.005,1.435,98.7,6.4,7.54,-118.7,27.02
,,,,,,,,,,,,,,,,,,,
MEAN VALUE:,,,,-0.35,762.5,-0.13,57457,55338.9,35970,36.64,55113.3,2.855,2.841,4.157,99.1,6.43,NA,-117.2,27.004
STANDARD DEVIATION:,,,,0,0,0,0,0,0,0,0,0,0,0,0,0,0,0,0
,,,,,,,,,,,,,,,,,,,
SENSOR SERIAL NUMBER:,,,,23F100933,23H102909,23F100933,23H100986,23H100986,23H100986,23H100986,23H100986,23E104117,23E104117,23E104117,23F100256,23F100256,23G102090,23G102090,23H100986
TIME (h:mm:ss tt),DATE (M/d/yyyy),SITE NAME,FAULT CODE,TAL PE RFU,BAROMETER MMHG,CHLOROPHYLL RFU,COND µS/CM,SPCOND µS/CM,TDS MG/L,SAL PSU,NLF COND µS/CM,DEPTH M,VERTICAL POSITION M,PRESSURE PSI A,ODO % SAT,ODO MG/L,PH,PH MV,TEMP °C
12:51:21 PM,02/12/2026,TPBN3,0,-0.35,762.5,-0.13,57457,55338.9,35970,36.64,55113.3,2.855,2.841,4.157,99.1,6.43,7.51,-117.2,27.004
,,,,,,,,,,,,,,,,,,,
MEAN VALUE:,,,,762.5,2.945,2.911,4.165,27.053,1.71,0,,,,,,,,,
STANDARD DEVIATION:,,,,0,0,0,0,0,0,0,,,,,,,,,
,,,,,,,,,,,,,,,,,,,
SENSOR SERIAL NUMBER:,,,,23H102909,20A910384,20A910384,20A910384,20A910384,23H104038,23H104038,,,,,,,,,
TIME (h:mm:ss tt),DATE (M/d/yyyy),SITE NAME,FAULT CODE,BAROMETER MMHG,DEPTH M,VERTICAL POSITION M,PRESSURE PSI A,TEMP °C,TURBIDITY FNU,TSS MG/L,,,,,,,,,
12:50:42 PM,02/12/2026,TPBN3,0,762.5,2.945,2.911,4.165,27.053,1.71,0,,,,,,,,,
,,,,,,,,,,,,,,,,,,,
MEAN VALUE:,,,,762.6,1.053,1.119,1.489,26.871,0,0,,,,,,,,,
STANDARD DEVIATION:,,,,0,0,0,0,0,0,0,,,,,,,,,
,,,,,,,,,,,,,,,,,,,
SENSOR SERIAL NUMBER:,,,,23H102909,20A910384,20A910384,20A910384,20A910384,23H104038,23H104038,,,,,,,,,
TIME (h:mm:ss tt),DATE (M/d/yyyy),SITE NAME,FAULT CODE,BAROMETER MMHG,DEPTH M,VERTICAL POSITION M,PRESSURE PSI A,TEMP °C,TURBIDITY FNU,TSS MG/L,,,,,,,,,
12:49:48 PM,02/12/2026,TPBN1,0,762.6,1.053,1.119,1.489,26.871,0,0,,,,,,,,,
,,,,,,,,,,,,,,,,,,,
MEAN VALUE:,,,,762.7,0.991,1.045,1.402,27.392,0.65,0,,,,,,,,,
STANDARD DEVIATION:,,,,0,0,0,0,0,0,0,,,,,,,,,
,,,,,,,,,,,,,,,,,,,
SENSOR SERIAL NUMBER:,,,,23H102909,20A910384,20A910384,20A910384,20A910384,23H104038,23H104038,,,,,,,,,
TIME (h:mm:ss tt),DATE (M/d/yyyy),SITE NAME,FAULT CODE,BAROMETER MMHG,DEPTH M,VERTICAL POSITION M,PRESSURE PSI A,TEMP °C,TURBIDITY FNU,TSS MG/L,,,,,,,,,
12:45:53 PM,02/12/2026,RBA1,0,762.7,0.991,1.045,1.402,27.392,0.65,0,,,,,,,,,
,,,,,,,,,,,,,,,,,,,
MEAN VALUE:,,,,-0.1,762.6,-0.08,57819.6,55391.5,36004,36.67,55131.8,1.092,1.085,1.59,104.3,6.73,NA,-124.1,27.294
STANDARD DEVIATION:,,,,0,0,0,0,0,0,0,0,0,0,0,0,0,0,0,0
,,,,,,,,,,,,,,,,,,,
SENSOR SERIAL NUMBER:,,,,23F100933,23H102909,23F100933,23H100986,23H100986,23H100986,23H100986,23H100986,23E104117,23E104117,23E104117,23F100256,23F100256,23G102090,23G102090,23H100986
TIME (h:mm:ss tt),DATE (M/d/yyyy),SITE NAME,FAULT CODE,TAL PE RFU,BAROMETER MMHG,CHLOROPHYLL RFU,COND µS/CM,SPCOND µS/CM,TDS MG/L,SAL PSU,NLF COND µS/CM,DEPTH M,VERTICAL POSITION M,PRESSURE PSI A,ODO % SAT,ODO MG/L,PH,PH MV,TEMP °C
12:45:22 PM,02/12/2026,RBA1,0,-0.1,762.6,-0.08,57819.6,55391.5,36004,36.67,55131.8,1.092,1.085,1.59,104.3,6.73,7.64,-124.1,27.294
,,,,,,,,,,,,,,,,,,,
MEAN VALUE:,,,,-0.19,762.7,-0.14,57712.5,55415.1,36020,36.69,55169.9,1.014,1.004,1.477,103.5,6.69,NA,-120.3,27.171
STANDARD DEVIATION:,,,,0,0,0,0,0,0,0,0,0,0,0,0,0,0,0,0
,,,,,,,,,,,,,,,,,,,
SENSOR SERIAL NUMBER:,,,,23F100933,23H102909,23F100933,23H100986,23H100986,23H100986,23H100986,23H100986,23E104117,23E104117,23E104117,23F100256,23F100256,23G102090,23G102090,23H100986
TIME (h:mm:ss tt),DATE (M/d/yyyy),SITE NAME,FAULT CODE,TAL PE RFU,BAROMETER MMHG,CHLOROPHYLL RFU,COND µS/CM,SPCOND µS/CM,TDS MG/L,SAL PSU,NLF COND µS/CM,DEPTH M,VERTICAL POSITION M,PRESSURE PSI A,ODO % SAT,ODO MG/L,PH,PH MV,TEMP °C
12:42:53 PM,02/12/2026,ML1,0,-0.19,762.7,-0.14,57712.5,55415.1,36020,36.69,55169.9,1.014,1.004,1.477,103.5,6.69,7.57,-120.3,27.171
,,,,,,,,,,,,,,,,,,,
MEAN VALUE:,,,,-0.24,762.7,-0.13,57713.3,55412.7,36018,36.69,55167.1,2.257,2.345,3.286,103.2,6.68,NA,-118.9,27.174
STANDARD DEVIATION:,,,,0,0,0,0,0,0,0,0,0,0,0,0,0,0,0,0
,,,,,,,,,,,,,,,,,,,
SENSOR SERIAL NUMBER:,,,,23F100933,23H102909,23F100933,23H100986,23H100986,23H100986,23H100986,23H100986,23E104117,23E104117,23E104117,23F100256,23F100256,23G102090,23G102090,23H100986
TIME (h:mm:ss tt),DATE (M/d/yyyy),SITE NAME,FAULT CODE,TAL PE RFU,BAROMETER MMHG,CHLOROPHYLL RFU,COND µS/CM,SPCOND µS/CM,TDS MG/L,SAL PSU,NLF COND µS/CM,DEPTH M,VERTICAL POSITION M,PRESSURE PSI A,ODO % SAT,ODO MG/L,PH,PH MV,TEMP °C
12:42:41 PM,02/12/2026,ML3,0,-0.24,762.7,-0.13,57713.3,55412.7,36018,36.69,55167.1,2.257,2.345,3.286,103.2,6.68,7.55,-118.9,27.174
,,,,,,,,,,,,,,,,,,,
MEAN VALUE:,,,,762.7,2.952,2.936,4.175,27.232,0.47,0,,,,,,,,,
STANDARD DEVIATION:,,,,0,0,0,0,0,0,0,,,,,,,,,
,,,,,,,,,,,,,,,,,,,
SENSOR SERIAL NUMBER:,,,,23H102909,20A910384,20A910384,20A910384,20A910384,23H104038,23H104038,,,,,,,,,
TIME (h:mm:ss tt),DATE (M/d/yyyy),SITE NAME,FAULT CODE,BAROMETER MMHG,DEPTH M,VERTICAL POSITION M,PRESSURE PSI A,TEMP °C,TURBIDITY FNU,TSS MG/L,,,,,,,,,
12:42:00 PM,02/12/2026,ML3,0,762.7,2.952,2.936,4.175,27.232,0.47,0,,,,,,,,,
,,,,,,,,,,,,,,,,,,,
MEAN VALUE:,,,,762.7,0.996,0.99,1.409,27.243,0.52,0,,,,,,,,,
STANDARD DEVIATION:,,,,0,0,0,0,0,0,0,,,,,,,,,
,,,,,,,,,,,,,,,,,,,
SENSOR SERIAL NUMBER:,,,,23H102909,20A910384,20A910384,20A910384,20A910384,23H104038,23H104038,,,,,,,,,
TIME (h:mm:ss tt),DATE (M/d/yyyy),SITE NAME,FAULT CODE,BAROMETER MMHG,DEPTH M,VERTICAL POSITION M,PRESSURE PSI A,TEMP °C,TURBIDITY FNU,TSS MG/L,,,,,,,,,
12:41:44 PM,02/12/2026,ML1,0,762.7,0.996,0.99,1.409,27.243,0.52,0,,,,,,,,,
,,,,,,,,,,,,,,,,,,,
MEAN VALUE:,,,,762.6,0.963,0.98,1.362,27.004,0.67,0,,,,,,,,,
STANDARD DEVIATION:,,,,0,0,0,0,0,0,0,,,,,,,,,
,,,,,,,,,,,,,,,,,,,
SENSOR SERIAL NUMBER:,,,,23H102909,20A910384,20A910384,20A910384,20A910384,23H104038,23H104038,,,,,,,,,
TIME (h:mm:ss tt),DATE (M/d/yyyy),SITE NAME,FAULT CODE,BAROMETER MMHG,DEPTH M,VERTICAL POSITION M,PRESSURE PSI A,TEMP °C,TURBIDITY FNU,TSS MG/L,,,,,,,,,
12:39:05 PM,02/12/2026,GIA3,0,762.6,0.963,0.98,1.362,27.004,0.67,0,,,,,,,,,
,,,,,,,,,,,,,,,,,,,
MEAN VALUE:,,,,762.7,2.743,2.763,3.879,26.99,0.69,0,,,,,,,,,
STANDARD DEVIATION:,,,,0,0,0,0,0,0,0,,,,,,,,,
,,,,,,,,,,,,,,,,,,,
SENSOR SERIAL NUMBER:,,,,23H102909,20A910384,20A910384,20A910384,20A910384,23H104038,23H104038,,,,,,,,,
TIME (h:mm:ss tt),DATE (M/d/yyyy),SITE NAME,FAULT CODE,BAROMETER MMHG,DEPTH M,VERTICAL POSITION M,PRESSURE PSI A,TEMP °C,TURBIDITY FNU,TSS MG/L,,,,,,,,,
12:38:56 PM,02/12/2026,GIA3,0,762.7,2.743,2.763,3.879,26.99,0.69,0,,,,,,,,,
,,,,,,,,,,,,,,,,,,,
MEAN VALUE:,,,,-0.09,762.7,-0.11,57485.1,55402.8,36012,36.69,55181.1,2.823,2.819,4.112,100.1,6.5,NA,-122.8,26.968
STANDARD DEVIATION:,,,,0,0,0,0,0,0,0,0,0,0,0,0,0,0,0,0
,,,,,,,,,,,,,,,,,,,
SENSOR SERIAL NUMBER:,,,,23F100933,23H102909,23F100933,23H100986,23H100986,23H100986,23H100986,23H100986,23E104117,23E104117,23E104117,23F100256,23F100256,23G102090,23G102090,23H100986
TIME (h:mm:ss tt),DATE (M/d/yyyy),SITE NAME,FAULT CODE,TAL PE RFU,BAROMETER MMHG,CHLOROPHYLL RFU,COND µS/CM,SPCOND µS/CM,TDS MG/L,SAL PSU,NLF COND µS/CM,DEPTH M,VERTICAL POSITION M,PRESSURE PSI A,ODO % SAT,ODO MG/L,PH,PH MV,TEMP °C
12:38:06 PM,02/12/2026,GIA3,0,-0.09,762.7,-0.11,57485.1,55402.8,36012,36.69,55181.1,2.823,2.819,4.112,100.1,6.5,7.62,-122.8,26.968
,,,,,,,,,,,,,,,,,,,
MEAN VALUE:,,,,-0.15,762.7,-0.07,57445,55364,35987,36.66,55142.5,1.173,1.213,1.708,100.6,6.53,NA,-122.5,26.967
STANDARD DEVIATION:,,,,0,0,0,0,0,0,0,0,0,0,0,0,0,0,0,0
,,,,,,,,,,,,,,,,,,,
SENSOR SERIAL NUMBER:,,,,23F100933,23H102909,23F100933,23H100986,23H100986,23H100986,23H100986,23H100986,23E104117,23E104117,23E104117,23F100256,23F100256,23G102090,23G102090,23H100986
TIME (h:mm:ss tt),DATE (M/d/yyyy),SITE NAME,FAULT CODE,TAL PE RFU,BAROMETER MMHG,CHLOROPHYLL RFU,COND µS/CM,SPCOND µS/CM,TDS MG/L,SAL PSU,NLF COND µS/CM,DEPTH M,VERTICAL POSITION M,PRESSURE PSI A,ODO % SAT,ODO MG/L,PH,PH MV,TEMP °C
12:37:57 PM,02/12/2026,GIA1,0,-0.15,762.7,-0.07,57445,55364,35987,36.66,55142.5,1.173,1.213,1.708,100.6,6.53,7.61,-122.5,26.967
,,,,,,,,,,,,,,,,,,,
MEAN VALUE:,,,,-0.39,763,-0.12,57284.4,55328.8,35964,36.64,55121,1.127,1.299,1.641,98.6,6.42,NA,-115.6,26.851
STANDARD DEVIATION:,,,,0,0,0,0,0,0,0,0,0,0,0,0,0,0,0,0
,,,,,,,,,,,,,,,,,,,
SENSOR SERIAL NUMBER:,,,,23F100933,23H102909,23F100933,23H100986,23H100986,23H100986,23H100986,23H100986,23E104117,23E104117,23E104117,23F100256,23F100256,23G102090,23G102090,23H100986
TIME (h:mm:ss tt),DATE (M/d/yyyy),SITE NAME,FAULT CODE,TAL PE RFU,BAROMETER MMHG,CHLOROPHYLL RFU,COND µS/CM,SPCOND µS/CM,TDS MG/L,SAL PSU,NLF COND µS/CM,DEPTH M,VERTICAL POSITION M,PRESSURE PSI A,ODO % SAT,ODO MG/L,PH,PH MV,TEMP °C
12:31:29 PM,02/12/2026,SRS1,0,-0.39,763,-0.12,57284.4,55328.8,35964,36.64,55121,1.127,1.299,1.641,98.6,6.42,7.48,-115.6,26.851
,,,,,,,,,,,,,,,,,,,
MEAN VALUE:,,,,762.8,1.075,1.15,1.521,26.765,0.17,0,,,,,,,,,
STANDARD DEVIATION:,,,,0,0,0,0,0,0,0,,,,,,,,,
,,,,,,,,,,,,,,,,,,,
SENSOR SERIAL NUMBER:,,,,23H102909,20A910384,20A910384,20A910384,20A910384,23H104038,23H104038,,,,,,,,,
TIME (h:mm:ss tt),DATE (M/d/yyyy),SITE NAME,FAULT CODE,BAROMETER MMHG,DEPTH M,VERTICAL POSITION M,PRESSURE PSI A,TEMP °C,TURBIDITY FNU,TSS MG/L,,,,,,,,,
12:30:49 PM,02/12/2026,SRS1,0,762.8,1.075,1.15,1.521,26.765,0.17,0,,,,,,,,,
,,,,,,,,,,,,,,,,,,,
MEAN VALUE:,,,,762.9,1.3,1.355,1.838,27.024,0.78,0,,,,,,,,,
STANDARD DEVIATION:,,,,0,0,0,0,0,0,0,,,,,,,,,
,,,,,,,,,,,,,,,,,,,
SENSOR SERIAL NUMBER:,,,,23H102909,20A910384,20A910384,20A910384,20A910384,23H104038,23H104038,,,,,,,,,
TIME (h:mm:ss tt),DATE (M/d/yyyy),SITE NAME,FAULT CODE,BAROMETER MMHG,DEPTH M,VERTICAL POSITION M,PRESSURE PSI A,TEMP °C,TURBIDITY FNU,TSS MG/L,,,,,,,,,
12:26:10 PM,02/12/2026,NBA1,0,762.9,1.3,1.355,1.838,27.024,0.78,0,,,,,,,,,
,,,,,,,,,,,,,,,,,,,
MEAN VALUE:,,,,763,2.472,2.438,3.497,27.024,0.78,0,,,,,,,,,
STANDARD DEVIATION:,,,,0,0,0,0,0,0,0,,,,,,,,,
,,,,,,,,,,,,,,,,,,,
SENSOR SERIAL NUMBER:,,,,23H102909,20A910384,20A910384,20A910384,20A910384,23H104038,23H104038,,,,,,,,,
TIME (h:mm:ss tt),DATE (M/d/yyyy),SITE NAME,FAULT CODE,BAROMETER MMHG,DEPTH M,VERTICAL POSITION M,PRESSURE PSI A,TEMP °C,TURBIDITY FNU,TSS MG/L,,,,,,,,,
12:25:58 PM,02/12/2026,NBA3,0,763,2.472,2.438,3.497,27.024,0.78,0,,,,,,,,,
,,,,,,,,,,,,,,,,,,,
MEAN VALUE:,,,,-0.2,762.7,-0.1,57502.5,55413.6,36019,36.7,55191.2,2.782,2.855,4.051,99.8,6.48,NA,-121.2,26.974
STANDARD DEVIATION:,,,,0,0,0,0,0,0,0,0,0,0,0,0,0,0,0,0
,,,,,,,,,,,,,,,,,,,
SENSOR SERIAL NUMBER:,,,,23F100933,23H102909,23F100933,23H100986,23H100986,23H100986,23H100986,23H100986,23E104117,23E104117,23E104117,23F100256,23F100256,23G102090,23G102090,23H100986
TIME (h:mm:ss tt),DATE (M/d/yyyy),SITE NAME,FAULT CODE,TAL PE RFU,BAROMETER MMHG,CHLOROPHYLL RFU,COND µS/CM,SPCOND µS/CM,TDS MG/L,SAL PSU,NLF COND µS/CM,DEPTH M,VERTICAL POSITION M,PRESSURE PSI A,ODO % SAT,ODO MG/L,PH,PH MV,TEMP °C
12:25:14 PM,02/12/2026,NBA3,0,-0.2,762.7,-0.1,57502.5,55413.6,36019,36.7,55191.2,2.782,2.855,4.051,99.8,6.48,7.59,-121.2,26.974
,,,,,,,,,,,,,,,,,,,
MEAN VALUE:,,,,-0.21,762.8,-0.09,57501.4,55398.8,36009,36.69,55174.9,0.857,0.867,1.248,100.4,6.51,NA,-119.4,26.987
STANDARD DEVIATION:,,,,0,0,0,0,0,0,0,0,0,0,0,0,0,0,0,0
,,,,,,,,,,,,,,,,,,,
SENSOR SERIAL NUMBER:,,,,23F100933,23H102909,23F100933,23H100986,23H100986,23H100986,23H100986,23H100986,23E104117,23E104117,23E104117,23F100256,23F100256,23G102090,23G102090,23H100986
TIME (h:mm:ss tt),DATE (M/d/yyyy),SITE NAME,FAULT CODE,TAL PE RFU,BAROMETER MMHG,CHLOROPHYLL RFU,COND µS/CM,SPCOND µS/CM,TDS MG/L,SAL PSU,NLF COND µS/CM,DEPTH M,VERTICAL POSITION M,PRESSURE PSI A,ODO % SAT,ODO MG/L,PH,PH MV,TEMP °C
12:25:01 PM,02/12/2026,NBA1,0,-0.21,762.8,-0.09,57501.4,55398.8,36009,36.69,55174.9,0.857,0.867,1.248,100.4,6.51,7.56,-119.4,26.987
,,,,,,,,,,,,,,,,,,,
MEAN VALUE:,,,,-0.18,762.9,-0.1,57821.2,55446.1,36040,36.71,55192.2,1.22,1.215,1.777,105.4,6.81,NA,-115.4,27.243
STANDARD DEVIATION:,,,,0,0,0,0,0,0,0,0,0,0,0,0,0,0,0,0
,,,,,,,,,,,,,,,,,,,
SENSOR SERIAL NUMBER:,,,,23F100933,23H102909,23F100933,23H100986,23H100986,23H100986,23H100986,23H100986,23E104117,23E104117,23E104117,23F100256,23F100256,23G102090,23G102090,23H100986
TIME (h:mm:ss tt),DATE (M/d/yyyy),SITE NAME,FAULT CODE,TAL PE RFU,BAROMETER MMHG,CHLOROPHYLL RFU,COND µS/CM,SPCOND µS/CM,TDS MG/L,SAL PSU,NLF COND µS/CM,DEPTH M,VERTICAL POSITION M,PRESSURE PSI A,ODO % SAT,ODO MG/L,PH,PH MV,TEMP °C
12:22:08 PM,02/12/2026,NBRB1,0,-0.18,762.9,-0.1,57821.2,55446.1,36040,36.71,55192.2,1.22,1.215,1.777,105.4,6.81,7.48,-115.4,27.243
,,,,,,,,,,,,,,,,,,,
MEAN VALUE:,,,,763,0.95,0.969,1.343,27.264,1.65,0,,,,,,,,,
STANDARD DEVIATION:,,,,0,0,0,0,0,0,0,,,,,,,,,
,,,,,,,,,,,,,,,,,,,
SENSOR SERIAL NUMBER:,,,,23H102909,20A910384,20A910384,20A910384,20A910384,23H104038,23H104038,,,,,,,,,
TIME (h:mm:ss tt),DATE (M/d/yyyy),SITE NAME,FAULT CODE,BAROMETER MMHG,DEPTH M,VERTICAL POSITION M,PRESSURE PSI A,TEMP °C,TURBIDITY FNU,TSS MG/L,,,,,,,,,
12:21:28 PM,02/12/2026,NBRB1,0,763,0.95,0.969,1.343,27.264,1.65,0,,,,,,,,,
,,,,,,,,,,,,,,,,,,,
MEAN VALUE:,,,,763,0.835,0.855,1.181,27.205,2.67,0,,,,,,,,,
STANDARD DEVIATION:,,,,0,0,0,0,0,0,0,,,,,,,,,
,,,,,,,,,,,,,,,,,,,
SENSOR SERIAL NUMBER:,,,,23H102909,20A910384,20A910384,20A910384,20A910384,23H104038,23H104038,,,,,,,,,
TIME (h:mm:ss tt),DATE (M/d/yyyy),SITE NAME,FAULT CODE,BAROMETER MMHG,DEPTH M,VERTICAL POSITION M,PRESSURE PSI A,TEMP °C,TURBIDITY FNU,TSS MG/L,,,,,,,,,
12:18:10 PM,02/12/2026,NBRM1,0,763,0.835,0.855,1.181,27.205,2.67,0,,,,,,,,,
,,,,,,,,,,,,,,,,,,,
MEAN VALUE:,,,,0.36,762.8,0.11,57802.6,55566.6,36118,36.81,55328,0.963,0.972,1.402,100.8,6.52,NA,-114.5,27.107
STANDARD DEVIATION:,,,,0,0,0,0,0,0,0,0,0,0,0,0,0,0,0,0
,,,,,,,,,,,,,,,,,,,
SENSOR SERIAL NUMBER:,,,,23F100933,23H102909,23F100933,23H100986,23H100986,23H100986,23H100986,23H100986,23E104117,23E104117,23E104117,23F100256,23F100256,23G102090,23G102090,23H100986
TIME (h:mm:ss tt),DATE (M/d/yyyy),SITE NAME,FAULT CODE,TAL PE RFU,BAROMETER MMHG,CHLOROPHYLL RFU,COND µS/CM,SPCOND µS/CM,TDS MG/L,SAL PSU,NLF COND µS/CM,DEPTH M,VERTICAL POSITION M,PRESSURE PSI A,ODO % SAT,ODO MG/L,PH,PH MV,TEMP °C
12:17:30 PM,02/12/2026,NBRM1,0,0.36,762.8,0.11,57802.6,55566.6,36118,36.81,55328,0.963,0.972,1.402,100.8,6.52,7.46,-114.5,27.107
,,,,,,,,,,,,,,,,,,,
MEAN VALUE:,,,,-0.16,763,-0.09,57568.2,55372.9,35992,36.66,55138.9,0.776,0.79,1.13,104.1,6.75,NA,-108.3,27.076
STANDARD DEVIATION:,,,,0,0,0,0,0,0,0,0,0,0,0,0,0,0,0,0
,,,,,,,,,,,,,,,,,,,
SENSOR SERIAL NUMBER:,,,,23F100933,23H102909,23F100933,23H100986,23H100986,23H100986,23H100986,23H100986,23E104117,23E104117,23E104117,23F100256,23F100256,23G102090,23G102090,23H100986
TIME (h:mm:ss tt),DATE (M/d/yyyy),SITE NAME,FAULT CODE,TAL PE RFU,BAROMETER MMHG,CHLOROPHYLL RFU,COND µS/CM,SPCOND µS/CM,TDS MG/L,SAL PSU,NLF COND µS/CM,DEPTH M,VERTICAL POSITION M,PRESSURE PSI A,ODO % SAT,ODO MG/L,PH,PH MV,TEMP °C
12:12:11 PM,02/12/2026,EC1,0,-0.16,763,-0.09,57568.2,55372.9,35992,36.66,55138.9,0.776,0.79,1.13,104.1,6.75,7.34,-108.3,27.076
,,,,,,,,,,,,,,,,,,,
MEAN VALUE:,,,,763,1.045,1.159,1.478,27.032,0.75,0,,,,,,,,,
STANDARD DEVIATION:,,,,0,0,0,0,0,0,0,,,,,,,,,
,,,,,,,,,,,,,,,,,,,
SENSOR SERIAL NUMBER:,,,,23H102909,20A910384,20A910384,20A910384,20A910384,23H104038,23H104038,,,,,,,,,
TIME (h:mm:ss tt),DATE (M/d/yyyy),SITE NAME,FAULT CODE,BAROMETER MMHG,DEPTH M,VERTICAL POSITION M,PRESSURE PSI A,TEMP °C,TURBIDITY FNU,TSS MG/L,,,,,,,,,
12:11:18 PM,02/12/2026,EC1,0,763,1.045,1.159,1.478,27.032,0.75,0,,,,,,,,,
,,,,,,,,,,,,,,,,,,,
MEAN VALUE:,,,,763.1,2.625,2.607,3.712,27.095,1.89,0,,,,,,,,,
STANDARD DEVIATION:,,,,0,0,0,0,0,0,0,,,,,,,,,
,,,,,,,,,,,,,,,,,,,
SENSOR SERIAL NUMBER:,,,,23H102909,20A910384,20A910384,20A910384,20A910384,23H104038,23H104038,,,,,,,,,
TIME (h:mm:ss tt),DATE (M/d/yyyy),SITE NAME,FAULT CODE,BAROMETER MMHG,DEPTH M,VERTICAL POSITION M,PRESSURE PSI A,TEMP °C,TURBIDITY FNU,TSS MG/L,,,,,,,,,
11:49:20 AM,02/12/2026,JC3,0,763.1,2.625,2.607,3.712,27.095,1.89,0,,,,,,,,,
,,,,,,,,,,,,,,,,,,,
MEAN VALUE:,,,,-0.31,763,-0.13,57663.7,55472.3,36057,36.74,55238.7,2.516,2.291,3.665,96.6,6.26,NA,-131.6,27.068
STANDARD DEVIATION:,,,,0,0,0,0,0,0,0,0,0,0,0,0,0,0,0,0
,,,,,,,,,,,,,,,,,,,
SENSOR SERIAL NUMBER:,,,,23F100933,23H102909,23F100933,23H100986,23H100986,23H100986,23H100986,23H100986,23E104117,23E104117,23E104117,23F100256,23F100256,23G102090,23G102090,23H100986
TIME (h:mm:ss tt),DATE (M/d/yyyy),SITE NAME,FAULT CODE,TAL PE RFU,BAROMETER MMHG,CHLOROPHYLL RFU,COND µS/CM,SPCOND µS/CM,TDS MG/L,SAL PSU,NLF COND µS/CM,DEPTH M,VERTICAL POSITION M,PRESSURE PSI A,ODO % SAT,ODO MG/L,PH,PH MV,TEMP °C
11:48:21 AM,02/12/2026,JC3,0,-0.31,763,-0.13,57663.7,55472.3,36057,36.74,55238.7,2.516,2.291,3.665,96.6,6.26,7.79,-131.6,27.068
,,,,,,,,,,,,,,,,,,,
MEAN VALUE:,,,,-0.28,763.2,-0.11,57672.5,55471,36056,36.74,55236.2,1.328,1.407,1.934,97,6.29,NA,-128.6,27.078
STANDARD DEVIATION:,,,,0,0,0,0,0,0,0,0,0,0,0,0,0,0,0,0
,,,,,,,,,,,,,,,,,,,
SENSOR SERIAL NUMBER:,,,,23F100933,23H102909,23F100933,23H100986,23H100986,23H100986,23H100986,23H100986,23E104117,23E104117,23E104117,23F100256,23F100256,23G102090,23G102090,23H100986
TIME (h:mm:ss tt),DATE (M/d/yyyy),SITE NAME,FAULT CODE,TAL PE RFU,BAROMETER MMHG,CHLOROPHYLL RFU,COND µS/CM,SPCOND µS/CM,TDS MG/L,SAL PSU,NLF COND µS/CM,DEPTH M,VERTICAL POSITION M,PRESSURE PSI A,ODO % SAT,ODO MG/L,PH,PH MV,TEMP °C
11:47:57 AM,02/12/2026,JC1,0,-0.28,763.2,-0.11,57672.5,55471,36056,36.74,55236.2,1.328,1.407,1.934,97,6.29,7.73,-128.6,27.078
,,,,,,,,,,,,,,,,,,,
MEAN VALUE:,,,,763,0.937,0.841,1.325,27.157,0.05,0,,,,,,,,,
STANDARD DEVIATION:,,,,0,0,0,0,0,0,0,,,,,,,,,
,,,,,,,,,,,,,,,,,,,
SENSOR SERIAL NUMBER:,,,,23H102909,20A910384,20A910384,20A910384,20A910384,23H104038,23H104038,,,,,,,,,
TIME (h:mm:ss tt),DATE (M/d/yyyy),SITE NAME,FAULT CODE,BAROMETER MMHG,DEPTH M,VERTICAL POSITION M,PRESSURE PSI A,TEMP °C,TURBIDITY FNU,TSS MG/L,,,,,,,,,
11:46:50 AM,02/12/2026,JC1,0,763,0.937,0.841,1.325,27.157,0.05,0,,,,,,,,,
,,,,,,,,,,,,,,,,,,,
MEAN VALUE:,,,,763.8,1.055,1.067,1.492,27.033,0.18,0,,,,,,,,,
STANDARD DEVIATION:,,,,0,0,0,0,0,0,0,,,,,,,,,
,,,,,,,,,,,,,,,,,,,
SENSOR SERIAL NUMBER:,,,,23H102909,20A910384,20A910384,20A910384,20A910384,23H104038,23H104038,,,,,,,,,
TIME (h:mm:ss tt),DATE (M/d/yyyy),SITE NAME,FAULT CODE,BAROMETER MMHG,DEPTH M,VERTICAL POSITION M,PRESSURE PSI A,TEMP °C,TURBIDITY FNU,TSS MG/L,,,,,,,,,
10:06:36 AM,02/12/2026,JN1,0,763.8,1.055,1.067,1.492,27.033,0.18,0,,,,,,,,,
,,,,,,,,,,,,,,,,,,,
MEAN VALUE:,,,,763.9,2.883,2.894,4.077,27.091,0.08,0,,,,,,,,,
STANDARD DEVIATION:,,,,0,0,0,0,0,0,0,,,,,,,,,
,,,,,,,,,,,,,,,,,,,
SENSOR SERIAL NUMBER:,,,,23H102909,20A910384,20A910384,20A910384,20A910384,23H104038,23H104038,,,,,,,,,
TIME (h:mm:ss tt),DATE (M/d/yyyy),SITE NAME,FAULT CODE,BAROMETER MMHG,DEPTH M,VERTICAL POSITION M,PRESSURE PSI A,TEMP °C,TURBIDITY FNU,TSS MG/L,,,,,,,,,
10:06:21 AM,02/12/2026,JN3,0,763.9,2.883,2.894,4.077,27.091,0.08,0,,,,,,,,,
,,,,,,,,,,,,,,,,,,,
MEAN VALUE:,,,,-0.31,763.6,-0.13,57489.6,55425.2,36026,36.71,55205.5,2.801,2.757,4.08,99,6.43,NA,-125.5,26.95
STANDARD DEVIATION:,,,,0,0,0,0,0,0,0,0,0,0,0,0,0,0,0,0
,,,,,,,,,,,,,,,,,,,
SENSOR SERIAL NUMBER:,,,,23F100933,23H102909,23F100933,23H100986,23H100986,23H100986,23H100986,23H100986,23E104117,23E104117,23E104117,23F100256,23F100256,23G102090,23G102090,23H100986
TIME (h:mm:ss tt),DATE (M/d/yyyy),SITE NAME,FAULT CODE,TAL PE RFU,BAROMETER MMHG,CHLOROPHYLL RFU,COND µS/CM,SPCOND µS/CM,TDS MG/L,SAL PSU,NLF COND µS/CM,DEPTH M,VERTICAL POSITION M,PRESSURE PSI A,ODO % SAT,ODO MG/L,PH,PH MV,TEMP °C
10:04:53 AM,02/12/2026,JN3,0,-0.31,763.6,-0.13,57489.6,55425.2,36026,36.71,55205.5,2.801,2.757,4.08,99,6.43,7.67,-125.5,26.95
,,,,,,,,,,,,,,,,,,,
MEAN VALUE:,,,,-0.2,763.7,-0.11,57475.9,55421.7,36024,36.71,55203.1,1.298,1.326,1.891,99.2,6.44,NA,-123.7,26.941
STANDARD DEVIATION:,,,,0,0,0,0,0,0,0,0,0,0,0,0,0,0,0,0
,,,,,,,,,,,,,,,,,,,
SENSOR SERIAL NUMBER:,,,,23F100933,23H102909,23F100933,23H100986,23H100986,23H100986,23H100986,23H100986,23E104117,23E104117,23E104117,23F100256,23F100256,23G102090,23G102090,23H100986
TIME (h:mm:ss tt),DATE (M/d/yyyy),SITE NAME,FAULT CODE,TAL PE RFU,BAROMETER MMHG,CHLOROPHYLL RFU,COND µS/CM,SPCOND µS/CM,TDS MG/L,SAL PSU,NLF COND µS/CM,DEPTH M,VERTICAL POSITION M,PRESSURE PSI A,ODO % SAT,ODO MG/L,PH,PH MV,TEMP °C
10:04:15 AM,02/12/2026,JN1,0,-0.2,763.7,-0.11,57475.9,55421.7,36024,36.71,55203.1,1.298,1.326,1.891,99.2,6.44,7.64,-123.7,26.941
